
/home/runner/work/exp-consensus-algorithms-au/exp-consensus-algorithms-au/experiment/simulation/js/787.dccd3c53.chunk.js
  1:689   warning  Empty block statement  no-empty
  1:4423  warning  Empty block statement  no-empty

/home/runner/work/exp-consensus-algorithms-au/exp-consensus-algorithms-au/experiment/simulation/js/index-0OIW5rEn.js
    1:1137    warning  'global' is not defined                                                    no-undef
   17:4180    warning  'process' is not defined                                                   no-undef
   17:4206    warning  'process' is not defined                                                   no-undef
   25:991     warning  'setImmediate' is not defined                                              no-undef
   25:1824    warning  Unreachable code                                                           no-unreachable
   33:3442    warning  '__REACT_DEVTOOLS_GLOBAL_HOOK__' is not defined                            no-undef
   33:3499    warning  '__REACT_DEVTOOLS_GLOBAL_HOOK__' is not defined                            no-undef
   41:3147    warning  Empty block statement                                                      no-empty
   41:4604    warning  Empty block statement                                                      no-empty
   41:8271    warning  Expected a conditional expression and instead saw an assignment            no-cond-assign
   41:8371    warning  Expected a conditional expression and instead saw an assignment            no-cond-assign
   41:8454    warning  Expected a conditional expression and instead saw an assignment            no-cond-assign
   41:8903    warning  Unexpected combined character in character class                           no-misleading-character-class
   46:207     warning  Expected a conditional expression and instead saw an assignment            no-cond-assign
   48:391     warning  Do not access Object.prototype method 'hasOwnProperty' from target object  no-prototype-builtins
   48:2563    warning  Do not access Object.prototype method 'hasOwnProperty' from target object  no-prototype-builtins
   48:4674    warning  Do not access Object.prototype method 'hasOwnProperty' from target object  no-prototype-builtins
   48:4704    warning  Do not access Object.prototype method 'hasOwnProperty' from target object  no-prototype-builtins
   48:4823    warning  Do not access Object.prototype method 'hasOwnProperty' from target object  no-prototype-builtins
   48:4884    warning  Do not access Object.prototype method 'hasOwnProperty' from target object  no-prototype-builtins
   48:7847    warning  Unexpected control character(s) in regular expression: \x00, \x1f          no-control-regex
   48:9875    warning  Expected to return a value in method 'get'                                 getter-return
   48:10565   warning  Do not access Object.prototype method 'hasOwnProperty' from target object  no-prototype-builtins
   48:10907   warning  Invalid typeof comparison value                                            valid-typeof
   48:11081   warning  Invalid typeof comparison value                                            valid-typeof
   48:12946   warning  Expected a conditional expression and instead saw an assignment            no-cond-assign
   48:19265   warning  Do not access Object.prototype method 'hasOwnProperty' from target object  no-prototype-builtins
   48:32888   warning  Expected a 'break' statement before 'case'                                 no-fallthrough
   48:33384   warning  Unexpected constant condition                                              no-constant-condition
   48:45018   warning  Empty block statement                                                      no-empty
   48:45027   warning  Empty block statement                                                      no-empty
   48:56064   warning  Empty block statement                                                      no-empty
   48:58071   warning  Expected a conditional expression and instead saw an assignment            no-cond-assign
   48:58528   warning  'process' is not defined                                                   no-undef
   48:58554   warning  'process' is not defined                                                   no-undef
   48:64836   warning  Expected a conditional expression and instead saw an assignment            no-cond-assign
   48:65974   warning  Expected a conditional expression and instead saw an assignment            no-cond-assign
   48:67689   warning  Expected a conditional expression and instead saw an assignment            no-cond-assign
   48:74517   warning  Expected a conditional expression and instead saw an assignment            no-cond-assign
   48:79542   warning  Unnecessary escape character: \/                                           no-useless-escape
   48:89525   warning  Expected a 'break' statement before 'case'                                 no-fallthrough
   48:90443   warning  Empty block statement                                                      no-empty
   48:90722   warning  Expected a 'break' statement before 'case'                                 no-fallthrough
   48:93758   warning  Expected a conditional expression and instead saw an assignment            no-cond-assign
   48:96062   warning  Do not access Object.prototype method 'hasOwnProperty' from target object  no-prototype-builtins
   48:97780   warning  Expected a 'break' statement before 'case'                                 no-fallthrough
   48:98461   warning  Expected a 'break' statement before 'case'                                 no-fallthrough
   48:104081  warning  Expected a 'break' statement before 'case'                                 no-fallthrough
   48:104397  warning  Unexpected constant condition                                              no-constant-condition
   48:106747  warning  Unexpected constant condition                                              no-constant-condition
   48:107372  warning  Expected a 'break' statement before 'case'                                 no-fallthrough
   48:107681  warning  Unexpected constant condition                                              no-constant-condition
   48:108081  warning  Expected a 'break' statement before 'default'                              no-fallthrough
   48:110625  warning  Expected a conditional expression and instead saw an assignment            no-cond-assign
   48:111448  warning  Empty block statement                                                      no-empty
   48:111827  warning  'e' is defined but never used                                              no-unused-vars
   48:112194  warning  Empty block statement                                                      no-empty
   48:113662  warning  'n' is defined but never used                                              no-unused-vars
   48:115977  warning  Expected a conditional expression and instead saw an assignment            no-cond-assign
   48:119774  warning  Expected a 'break' statement before 'case'                                 no-fallthrough
   48:119967  warning  Expected a 'break' statement before 'case'                                 no-fallthrough
   48:121245  warning  Expected a conditional expression and instead saw an assignment            no-cond-assign
   48:122892  warning  Expected a 'break' statement before 'case'                                 no-fallthrough
   48:124467  warning  Unexpected control character(s) in regular expression: \x00                no-control-regex
   49:491     warning  Expected a 'break' statement before 'case'                                 no-fallthrough
   49:5093    warning  Do not access Object.prototype method 'hasOwnProperty' from target object  no-prototype-builtins
   49:5665    warning  Do not access Object.prototype method 'hasOwnProperty' from target object  no-prototype-builtins
   49:6006    warning  Do not access Object.prototype method 'hasOwnProperty' from target object  no-prototype-builtins
   49:6421    warning  Do not access Object.prototype method 'hasOwnProperty' from target object  no-prototype-builtins
   49:6537    warning  Expected a 'break' statement before 'default'                              no-fallthrough
   49:6699    warning  Do not access Object.prototype method 'hasOwnProperty' from target object  no-prototype-builtins
   49:6969    warning  Do not access Object.prototype method 'hasOwnProperty' from target object  no-prototype-builtins
   49:7467    warning  Expected a 'break' statement before 'case'                                 no-fallthrough
   49:7607    warning  Do not access Object.prototype method 'hasOwnProperty' from target object  no-prototype-builtins
   49:7790    warning  Do not access Object.prototype method 'hasOwnProperty' from target object  no-prototype-builtins
   49:7875    warning  Do not access Object.prototype method 'hasOwnProperty' from target object  no-prototype-builtins
   49:8142    warning  Do not access Object.prototype method 'hasOwnProperty' from target object  no-prototype-builtins
   49:8245    warning  Expected a 'break' statement before 'default'                              no-fallthrough
   49:8255    warning  Do not access Object.prototype method 'hasOwnProperty' from target object  no-prototype-builtins
   49:8341    warning  Do not access Object.prototype method 'hasOwnProperty' from target object  no-prototype-builtins
   49:8753    warning  Do not access Object.prototype method 'hasOwnProperty' from target object  no-prototype-builtins
   49:8830    warning  Expected a 'break' statement before 'default'                              no-fallthrough
   49:8840    warning  Do not access Object.prototype method 'hasOwnProperty' from target object  no-prototype-builtins
   49:8910    warning  Do not access Object.prototype method 'hasOwnProperty' from target object  no-prototype-builtins
   49:9030    warning  Expected a 'break' statement before 'default'                              no-fallthrough
   49:9213    warning  Do not access Object.prototype method 'hasOwnProperty' from target object  no-prototype-builtins
   49:9244    warning  Do not access Object.prototype method 'hasOwnProperty' from target object  no-prototype-builtins
   49:9368    warning  Do not access Object.prototype method 'hasOwnProperty' from target object  no-prototype-builtins
   49:9649    warning  Do not access Object.prototype method 'hasOwnProperty' from target object  no-prototype-builtins
   49:9682    warning  Do not access Object.prototype method 'hasOwnProperty' from target object  no-prototype-builtins
   49:9811    warning  Do not access Object.prototype method 'hasOwnProperty' from target object  no-prototype-builtins
   49:10181   warning  Do not access Object.prototype method 'hasOwnProperty' from target object  no-prototype-builtins
   49:10214   warning  Do not access Object.prototype method 'hasOwnProperty' from target object  no-prototype-builtins
   49:10290   warning  Do not access Object.prototype method 'hasOwnProperty' from target object  no-prototype-builtins
   49:10515   warning  Do not access Object.prototype method 'hasOwnProperty' from target object  no-prototype-builtins
   49:10551   warning  Do not access Object.prototype method 'hasOwnProperty' from target object  no-prototype-builtins
   49:10627   warning  Do not access Object.prototype method 'hasOwnProperty' from target object  no-prototype-builtins
   49:10736   warning  Do not access Object.prototype method 'hasOwnProperty' from target object  no-prototype-builtins
   49:10769   warning  Do not access Object.prototype method 'hasOwnProperty' from target object  no-prototype-builtins
   49:10843   warning  Do not access Object.prototype method 'hasOwnProperty' from target object  no-prototype-builtins
   49:17203   warning  Expected a conditional expression and instead saw an assignment            no-cond-assign
   49:18286   warning  Expected a conditional expression and instead saw an assignment            no-cond-assign
   49:20821   warning  Expected a conditional expression and instead saw an assignment            no-cond-assign
   49:33317   warning  '__REACT_DEVTOOLS_GLOBAL_HOOK__' is not defined                            no-undef
   49:33416   warning  Empty block statement                                                      no-empty
   49:34732   warning  '__REACT_DEVTOOLS_GLOBAL_HOOK__' is not defined                            no-undef
   49:34789   warning  '__REACT_DEVTOOLS_GLOBAL_HOOK__' is not defined                            no-undef
   57:1334    warning  'a' is defined but never used                                              no-unused-vars
   57:4113    warning  'o' is defined but never used                                              no-unused-vars
   57:6643    warning  Unexpected lexical declaration in case block                               no-case-declarations
   57:11886   warning  'q1' is a function                                                         no-func-assign
   57:13211   warning  Empty block statement                                                      no-empty
   57:13716   warning  Expected a conditional expression and instead saw an assignment            no-cond-assign
   57:15729   warning  Expected a 'break' statement before 'case'                                 no-fallthrough
   57:15965   warning  Expected a 'break' statement before 'case'                                 no-fallthrough
   57:16021   warning  Expected a 'break' statement before 'case'                                 no-fallthrough
   57:16150   warning  Expected a 'break' statement before 'default'                              no-fallthrough
   57:16472   warning  Expected a 'break' statement before 'default'                              no-fallthrough
   57:17258   warning  Expected a 'break' statement before 'case'                                 no-fallthrough
   57:18051   warning  Expected a 'break' statement before 'default'                              no-fallthrough
   57:18077   warning  Expected a conditional expression and instead saw an assignment            no-cond-assign
   57:20145   warning  Expected a 'break' statement before 'case'                                 no-fallthrough
   57:20355   warning  Expected a 'break' statement before 'case'                                 no-fallthrough
   64:3233    warning  Empty block statement                                                      no-empty
   64:4026    warning  Expected a 'break' statement before 'case'                                 no-fallthrough
   64:4063    warning  Expected a 'break' statement before 'case'                                 no-fallthrough
   72:7732    warning  's' is defined but never used                                              no-unused-vars
   72:18830   warning  'd' is assigned a value but never used                                     no-unused-vars
   72:20877   warning  't' is defined but never used                                              no-unused-vars
   72:20879   warning  'a' is defined but never used                                              no-unused-vars
   72:23007   warning  'a' is defined but never used                                              no-unused-vars
   72:24074   warning  'o' is defined but never used                                              no-unused-vars
   72:24312   warning  'o' is defined but never used                                              no-unused-vars
   72:24641   warning  'o' is defined but never used                                              no-unused-vars
   72:24748   warning  'o' is defined but never used                                              no-unused-vars
   72:27011   warning  'p' is assigned a value but never used                                     no-unused-vars
   72:36144   warning  Do not access Object.prototype method 'hasOwnProperty' from target object  no-prototype-builtins
   72:36307   warning  Do not access Object.prototype method 'hasOwnProperty' from target object  no-prototype-builtins
   72:37732   warning  Do not access Object.prototype method 'hasOwnProperty' from target object  no-prototype-builtins
   72:41608   warning  'v' is assigned a value but never used                                     no-unused-vars
   79:797     warning  'o' is assigned a value but never used                                     no-unused-vars
   79:819     warning  'c' is assigned a value but never used                                     no-unused-vars
   79:873     warning  'm' is assigned a value but never used                                     no-unused-vars
   79:3373    warning  Empty block statement                                                      no-empty
   79:16746   warning  'a' is defined but never used                                              no-unused-vars
   79:17234   warning  's' is assigned a value but never used                                     no-unused-vars
   79:17242   warning  'c' is assigned a value but never used                                     no-unused-vars
   79:18934   warning  'd2' is a function                                                         no-func-assign
   79:29431   warning  'et' is defined but never used                                             no-unused-vars
   79:33305   warning  Empty block statement                                                      no-empty
  152:3221    warning  '_' is assigned a value but never used                                     no-unused-vars
  152:5418    warning  Do not access Object.prototype method 'hasOwnProperty' from target object  no-prototype-builtins
  179:14305   warning  Do not access Object.prototype method 'hasOwnProperty' from target object  no-prototype-builtins
  179:18457   warning  Do not access Object.prototype method 'hasOwnProperty' from target object  no-prototype-builtins
  179:18481   warning  Do not access Object.prototype method 'hasOwnProperty' from target object  no-prototype-builtins
  179:18675   warning  'j' is assigned to itself                                                  no-self-assign
  179:34232   warning  'E' is assigned a value but never used                                     no-unused-vars
  181:4689    warning  'm' is assigned a value but never used                                     no-unused-vars
  181:4806    warning  'E' is assigned a value but never used                                     no-unused-vars
  181:4887    warning  'N' is assigned a value but never used                                     no-unused-vars
  181:5045    warning  'L' is assigned a value but never used                                     no-unused-vars
  181:5216    warning  'Xt' is defined but never used                                             no-unused-vars
  181:11607   warning  'I' is defined but never used                                              no-unused-vars
  181:28326   warning  Do not access Object.prototype method 'hasOwnProperty' from target object  no-prototype-builtins
  181:30561   warning  'h' is assigned a value but never used                                     no-unused-vars
  181:30856   warning  'j' is assigned a value but never used                                     no-unused-vars
  181:30876   warning  'P' is assigned a value but never used                                     no-unused-vars
  181:30897   warning  'G' is assigned a value but never used                                     no-unused-vars
  181:30938   warning  'U' is assigned a value but never used                                     no-unused-vars
  181:40278   warning  'm' is assigned a value but never used                                     no-unused-vars
  181:43833   warning  'p' is assigned a value but never used                                     no-unused-vars
  181:43841   warning  'm' is assigned a value but never used                                     no-unused-vars
  181:43850   warning  'v' is assigned a value but never used                                     no-unused-vars
  181:43860   warning  'b' is assigned a value but never used                                     no-unused-vars
  181:43869   warning  'M' is assigned a value but never used                                     no-unused-vars
  181:43880   warning  'R' is assigned a value but never used                                     no-unused-vars
  181:43890   warning  '_' is assigned a value but never used                                     no-unused-vars
  181:45634   warning  'h' is assigned a value but never used                                     no-unused-vars
  181:45665   warning  'm' is assigned a value but never used                                     no-unused-vars
  181:45673   warning  'v' is assigned a value but never used                                     no-unused-vars
  181:45682   warning  'b' is assigned a value but never used                                     no-unused-vars
  181:45692   warning  'M' is assigned a value but never used                                     no-unused-vars
  181:45703   warning  'R' is assigned a value but never used                                     no-unused-vars
  181:48025   warning  'X' is defined but never used                                              no-unused-vars
  181:54685   warning  'd' is assigned a value but never used                                     no-unused-vars
  181:54704   warning  'p' is assigned a value but never used                                     no-unused-vars
  232:21781   warning  'a' is assigned a value but never used                                     no-unused-vars
  232:21791   warning  'o' is assigned a value but never used                                     no-unused-vars
  232:27439   warning  'I' is assigned a value but never used                                     no-unused-vars
  232:32170   warning  'X' is assigned a value but never used                                     no-unused-vars
  232:49094   warning  'N' is assigned a value but never used                                     no-unused-vars
  232:49105   warning  'j' is assigned a value but never used                                     no-unused-vars
  232:49125   warning  'P' is assigned a value but never used                                     no-unused-vars
  232:49234   warning  'I' is assigned a value but never used                                     no-unused-vars
  232:49259   warning  'B' is assigned a value but never used                                     no-unused-vars
  232:57225   warning  'h' is assigned a value but never used                                     no-unused-vars
  232:79835   warning  'c' is defined but never used                                              no-unused-vars
  232:87644   warning  Empty block statement                                                      no-empty
  232:87737   warning  Expected a conditional expression and instead saw an assignment            no-cond-assign
  232:89780   warning  'O' is assigned a value but never used                                     no-unused-vars
  232:92100   warning  Do not access Object.prototype method 'hasOwnProperty' from target object  no-prototype-builtins
  232:94332   warning  'A' is defined but never used                                              no-unused-vars
  232:94390   warning  'A' is defined but never used                                              no-unused-vars
  232:103999  warning  'h' is defined but never used                                              no-unused-vars
  232:109547  warning  Do not access Object.prototype method 'hasOwnProperty' from target object  no-prototype-builtins
  232:114421  warning  'B' is defined but never used                                              no-unused-vars
  232:123614  warning  'B' is defined but never used                                              no-unused-vars
  232:139976  warning  'v' is defined but never used                                              no-unused-vars
  232:144897  warning  'nt' is defined but never used                                             no-unused-vars
  232:170869  warning  'E' is defined but never used                                              no-unused-vars
  232:171070  warning  Redundant double negation                                                  no-extra-boolean-cast
  232:173919  warning  Do not access Object.prototype method 'hasOwnProperty' from target object  no-prototype-builtins
  232:198817  warning  Unexpected lexical declaration in case block                               no-case-declarations
  232:201111  warning  Unexpected lexical declaration in case block                               no-case-declarations
  232:201159  warning  Unexpected lexical declaration in case block                               no-case-declarations
  232:202752  warning  Expected a conditional expression and instead saw an assignment            no-cond-assign
  232:203122  warning  Unexpected lexical declaration in case block                               no-case-declarations
  232:205392  warning  Unexpected lexical declaration in case block                               no-case-declarations
  232:205421  warning  Unexpected lexical declaration in case block                               no-case-declarations
  233:15364   warning  'V' is defined but never used                                              no-unused-vars
  241:2576    warning  Empty block statement                                                      no-empty
  241:5901    warning  Empty block statement                                                      no-empty
  246:207     warning  Expected a conditional expression and instead saw an assignment            no-cond-assign
  248:4251    warning  'r' is defined but never used                                              no-unused-vars
  248:11084   warning  Expected a 'break' statement before 'case'                                 no-fallthrough
  248:11593   warning  Unexpected constant condition                                              no-constant-condition
  248:22845   warning  Empty block statement                                                      no-empty
  248:22854   warning  Empty block statement                                                      no-empty
  248:30242   warning  Empty block statement                                                      no-empty
  248:31707   warning  Expected a conditional expression and instead saw an assignment            no-cond-assign
  248:37970   warning  Expected a conditional expression and instead saw an assignment            no-cond-assign
  248:39118   warning  Expected a conditional expression and instead saw an assignment            no-cond-assign
  248:47395   warning  Expected a conditional expression and instead saw an assignment            no-cond-assign
  248:47588   warning  Expected a 'break' statement before 'case'                                 no-fallthrough
  248:47809   warning  Expected a 'break' statement before 'case'                                 no-fallthrough
  248:53551   warning  Expected a 'break' statement before 'case'                                 no-fallthrough
  248:53823   warning  Expected a 'break' statement before 'case'                                 no-fallthrough
  248:62010   warning  Expected a 'break' statement before 'case'                                 no-fallthrough
  248:62910   warning  Empty block statement                                                      no-empty
  248:63034   warning  Expected a 'break' statement before 'case'                                 no-fallthrough
  248:63152   warning  Expected a 'break' statement before 'case'                                 no-fallthrough
  248:63171   warning  Expected a 'break' statement before 'case'                                 no-fallthrough
  248:64544   warning  Expected a 'break' statement before 'case'                                 no-fallthrough
  248:65683   warning  Expected a 'break' statement before 'case'                                 no-fallthrough
  248:65809   warning  Expected a 'break' statement before 'case'                                 no-fallthrough
  248:68143   warning  Expected a 'break' statement before 'case'                                 no-fallthrough
  248:68892   warning  Expected a 'break' statement before 'case'                                 no-fallthrough
  248:69581   warning  Expected a 'break' statement before 'case'                                 no-fallthrough
  248:76629   warning  Expected a 'break' statement before 'case'                                 no-fallthrough
  248:76944   warning  Unexpected constant condition                                              no-constant-condition
  248:79403   warning  Unexpected constant condition                                              no-constant-condition
  248:80032   warning  Expected a 'break' statement before 'case'                                 no-fallthrough
  248:80384   warning  Unexpected constant condition                                              no-constant-condition
  248:80786   warning  Expected a 'break' statement before 'default'                              no-fallthrough
  248:83057   warning  Empty block statement                                                      no-empty
  248:83450   warning  'i' is defined but never used                                              no-unused-vars
  248:83834   warning  Empty block statement                                                      no-empty
  248:100015  warning  'process' is not defined                                                   no-undef
  248:100041  warning  'process' is not defined                                                   no-undef
  252:438     warning  '__REACT_DEVTOOLS_GLOBAL_HOOK__' is not defined                            no-undef
  252:542     warning  Empty block statement                                                      no-empty
  267:400     warning  Do not access Object.prototype method 'hasOwnProperty' from target object  no-prototype-builtins
  267:493     warning  'd' is already defined                                                     no-redeclare
  267:515     warning  'h' is already defined                                                     no-redeclare
  267:564     warning  'm' is already defined                                                     no-redeclare
  267:784     warning  'm' is already defined                                                     no-redeclare
  267:1175    warning  'o' is defined but never used                                              no-unused-vars
  267:1684    warning  'a' is defined but never used                                              no-unused-vars
  267:1686    warning  'o' is defined but never used                                              no-unused-vars
  267:1796    warning  't' is defined but never used                                              no-unused-vars
  267:1798    warning  'a' is defined but never used                                              no-unused-vars
  267:1800    warning  'o' is defined but never used                                              no-unused-vars
  267:1900    warning  't' is defined but never used                                              no-unused-vars
  267:1902    warning  'a' is defined but never used                                              no-unused-vars
  267:1904    warning  'o' is defined but never used                                              no-unused-vars
  267:1906    warning  's' is defined but never used                                              no-unused-vars
  267:1946    warning  't' is defined but never used                                              no-unused-vars
  267:1962    warning  't' is defined but never used                                              no-unused-vars
  267:1964    warning  'a' is defined but never used                                              no-unused-vars
  267:2096    warning  't' is defined but never used                                              no-unused-vars
  267:2098    warning  'a' is defined but never used                                              no-unused-vars
  267:2577    warning  't' is defined but never used                                              no-unused-vars
  267:2579    warning  'a' is defined but never used                                              no-unused-vars
  267:2581    warning  'o' is defined but never used                                              no-unused-vars
  267:2658    warning  't' is defined but never used                                              no-unused-vars
  267:2730    warning  't' is defined but never used                                              no-unused-vars
  267:2732    warning  'a' is defined but never used                                              no-unused-vars
  267:2748    warning  't' is defined but never used                                              no-unused-vars
  267:7455    warning  'a' is defined but never used                                              no-unused-vars
  270:8830    warning  'At' is defined but never used                                             no-unused-vars

/home/runner/work/exp-consensus-algorithms-au/exp-consensus-algorithms-au/experiment/simulation/js/index-B16480Wu.js
     57:7   warning  'global' is not defined                                                    no-undef
    361:20  warning  'process' is not defined                                                   no-undef
    363:13  warning  'process' is not defined                                                   no-undef
    674:43  warning  'setImmediate' is not defined                                              no-undef
    737:17  warning  Unreachable code                                                           no-unreachable
   1084:16  warning  '__REACT_DEVTOOLS_GLOBAL_HOOK__' is not defined                            no-undef
   1088:9   warning  '__REACT_DEVTOOLS_GLOBAL_HOOK__' is not defined                            no-undef
   1289:19  warning  Empty block statement                                                      no-empty
   1371:15  warning  Empty block statement                                                      no-empty
   1694:12  warning  Unexpected combined character in character class                           no-misleading-character-class
   1893:13  warning  Expected a conditional expression and instead saw an assignment            no-cond-assign
   1964:10  warning  Do not access Object.prototype method 'hasOwnProperty' from target object  no-prototype-builtins
   2092:16  warning  Do not access Object.prototype method 'hasOwnProperty' from target object  no-prototype-builtins
   2168:12  warning  Do not access Object.prototype method 'hasOwnProperty' from target object  no-prototype-builtins
   2169:27  warning  Do not access Object.prototype method 'hasOwnProperty' from target object  no-prototype-builtins
   2176:23  warning  Do not access Object.prototype method 'hasOwnProperty' from target object  no-prototype-builtins
   2177:31  warning  Do not access Object.prototype method 'hasOwnProperty' from target object  no-prototype-builtins
   2276:7   warning  Unexpected control character(s) in regular expression: \x00, \x1f          no-control-regex
   2410:9   warning  Expected to return a value in method 'get'                                 getter-return
   2460:11  warning  Do not access Object.prototype method 'hasOwnProperty' from target object  no-prototype-builtins
   2479:41  warning  Invalid typeof comparison value                                            valid-typeof
   2487:42  warning  Invalid typeof comparison value                                            valid-typeof
   2624:10  warning  Expected a conditional expression and instead saw an assignment            no-cond-assign
   3012:24  warning  Do not access Object.prototype method 'hasOwnProperty' from target object  no-prototype-builtins
   3878:15  warning  Expected a 'break' statement before 'case'                                 no-fallthrough
   3915:16  warning  Unexpected constant condition                                              no-constant-condition
   4730:17  warning  Empty block statement                                                      no-empty
   4731:19  warning  Empty block statement                                                      no-empty
   5399:17  warning  Empty block statement                                                      no-empty
   5543:20  warning  'process' is not defined                                                   no-undef
   5545:13  warning  'process' is not defined                                                   no-undef
   5922:14  warning  Expected a conditional expression and instead saw an assignment            no-cond-assign
   5971:12  warning  Expected a conditional expression and instead saw an assignment            no-cond-assign
   6512:16  warning  Expected a conditional expression and instead saw an assignment            no-cond-assign
   7556:7   warning  Expected a 'break' statement before 'case'                                 no-fallthrough
   7613:15  warning  Empty block statement                                                      no-empty
   7634:7   warning  Expected a 'break' statement before 'case'                                 no-fallthrough
   8028:42  warning  Do not access Object.prototype method 'hasOwnProperty' from target object  no-prototype-builtins
   8159:9   warning  Expected a 'break' statement before 'case'                                 no-fallthrough
   8214:9   warning  Expected a 'break' statement before 'case'                                 no-fallthrough
   8628:13  warning  Expected a 'break' statement before 'case'                                 no-fallthrough
   8652:14  warning  Unexpected constant condition                                              no-constant-condition
   8825:12  warning  Unexpected constant condition                                              no-constant-condition
   8883:17  warning  Expected a 'break' statement before 'case'                                 no-fallthrough
   8914:12  warning  Unexpected constant condition                                              no-constant-condition
   8943:7   warning  Expected a 'break' statement before 'default'                              no-fallthrough
   9177:17  warning  Empty block statement                                                      no-empty
   9204:14  warning  'e' is defined but never used                                              no-unused-vars
   9232:17  warning  Empty block statement                                                      no-empty
   9334:18  warning  'n' is defined but never used                                              no-unused-vars
   9506:16  warning  Expected a conditional expression and instead saw an assignment            no-cond-assign
   9728:13  warning  Expected a 'break' statement before 'case'                                 no-fallthrough
   9744:13  warning  Expected a 'break' statement before 'case'                                 no-fallthrough
   9843:20  warning  Expected a conditional expression and instead saw an assignment            no-cond-assign
   9948:11  warning  Expected a 'break' statement before 'case'                                 no-fallthrough
  10045:10  warning  Unexpected control character(s) in regular expression: \x00                no-control-regex
  10089:7   warning  Expected a 'break' statement before 'case'                                 no-fallthrough
  10324:17  warning  Do not access Object.prototype method 'hasOwnProperty' from target object  no-prototype-builtins
  10369:17  warning  Do not access Object.prototype method 'hasOwnProperty' from target object  no-prototype-builtins
  10395:17  warning  Do not access Object.prototype method 'hasOwnProperty' from target object  no-prototype-builtins
  10430:17  warning  Do not access Object.prototype method 'hasOwnProperty' from target object  no-prototype-builtins
  10440:15  warning  Expected a 'break' statement before 'default'                              no-fallthrough
  10451:17  warning  Do not access Object.prototype method 'hasOwnProperty' from target object  no-prototype-builtins
  10472:17  warning  Do not access Object.prototype method 'hasOwnProperty' from target object  no-prototype-builtins
  10503:7   warning  Expected a 'break' statement before 'case'                                 no-fallthrough
  10515:17  warning  Do not access Object.prototype method 'hasOwnProperty' from target object  no-prototype-builtins
  10527:15  warning  Do not access Object.prototype method 'hasOwnProperty' from target object  no-prototype-builtins
  10533:9   warning  Do not access Object.prototype method 'hasOwnProperty' from target object  no-prototype-builtins
  10556:17  warning  Do not access Object.prototype method 'hasOwnProperty' from target object  no-prototype-builtins
  10564:15  warning  Expected a 'break' statement before 'default'                              no-fallthrough
  10565:19  warning  Do not access Object.prototype method 'hasOwnProperty' from target object  no-prototype-builtins
  10571:30  warning  Do not access Object.prototype method 'hasOwnProperty' from target object  no-prototype-builtins
  10605:31  warning  Do not access Object.prototype method 'hasOwnProperty' from target object  no-prototype-builtins
  10611:15  warning  Expected a 'break' statement before 'default'                              no-fallthrough
  10612:19  warning  Do not access Object.prototype method 'hasOwnProperty' from target object  no-prototype-builtins
  10618:15  warning  Do not access Object.prototype method 'hasOwnProperty' from target object  no-prototype-builtins
  10629:15  warning  Expected a 'break' statement before 'default'                              no-fallthrough
  10645:15  warning  Do not access Object.prototype method 'hasOwnProperty' from target object  no-prototype-builtins
  10645:52  warning  Do not access Object.prototype method 'hasOwnProperty' from target object  no-prototype-builtins
  10659:15  warning  Do not access Object.prototype method 'hasOwnProperty' from target object  no-prototype-builtins
  10682:15  warning  Do not access Object.prototype method 'hasOwnProperty' from target object  no-prototype-builtins
  10682:54  warning  Do not access Object.prototype method 'hasOwnProperty' from target object  no-prototype-builtins
  10695:15  warning  Do not access Object.prototype method 'hasOwnProperty' from target object  no-prototype-builtins
  10723:15  warning  Do not access Object.prototype method 'hasOwnProperty' from target object  no-prototype-builtins
  10725:18  warning  Do not access Object.prototype method 'hasOwnProperty' from target object  no-prototype-builtins
  10731:15  warning  Do not access Object.prototype method 'hasOwnProperty' from target object  no-prototype-builtins
  10746:17  warning  Do not access Object.prototype method 'hasOwnProperty' from target object  no-prototype-builtins
  10748:20  warning  Do not access Object.prototype method 'hasOwnProperty' from target object  no-prototype-builtins
  10753:18  warning  Do not access Object.prototype method 'hasOwnProperty' from target object  no-prototype-builtins
  10762:11  warning  Do not access Object.prototype method 'hasOwnProperty' from target object  no-prototype-builtins
  10764:14  warning  Do not access Object.prototype method 'hasOwnProperty' from target object  no-prototype-builtins
  10769:12  warning  Do not access Object.prototype method 'hasOwnProperty' from target object  no-prototype-builtins
  11221:14  warning  Expected a conditional expression and instead saw an assignment            no-cond-assign
  11375:14  warning  Expected a conditional expression and instead saw an assignment            no-cond-assign
  12123:14  warning  '__REACT_DEVTOOLS_GLOBAL_HOOK__' is not defined                            no-undef
  12127:15  warning  Empty block statement                                                      no-empty
  12201:16  warning  '__REACT_DEVTOOLS_GLOBAL_HOOK__' is not defined                            no-undef
  12205:9   warning  '__REACT_DEVTOOLS_GLOBAL_HOOK__' is not defined                            no-undef
  12334:16  warning  'a' is defined but never used                                              no-unused-vars
  12487:19  warning  'o' is defined but never used                                              no-unused-vars
  12682:9   warning  Unexpected lexical declaration in case block                               no-case-declarations
  13048:6   warning  'Y1' is a function                                                         no-func-assign
  13113:19  warning  Empty block statement                                                      no-empty
  13150:11  warning  Expected a conditional expression and instead saw an assignment            no-cond-assign
  13331:7   warning  Expected a 'break' statement before 'case'                                 no-fallthrough
  13357:7   warning  Expected a 'break' statement before 'case'                                 no-fallthrough
  13364:11  warning  Expected a 'break' statement before 'case'                                 no-fallthrough
  13377:11  warning  Expected a 'break' statement before 'default'                              no-fallthrough
  13409:7   warning  Expected a 'break' statement before 'default'                              no-fallthrough
  13457:5   warning  Expected a 'break' statement before 'case'                                 no-fallthrough
  13514:9   warning  Expected a 'break' statement before 'default'                              no-fallthrough
  13673:11  warning  Expected a 'break' statement before 'case'                                 no-fallthrough
  13693:5   warning  Expected a 'break' statement before 'case'                                 no-fallthrough
  14040:19  warning  Empty block statement                                                      no-empty
  14089:5   warning  Expected a 'break' statement before 'case'                                 no-fallthrough
  14091:5   warning  Expected a 'break' statement before 'case'                                 no-fallthrough
  15193:22  warning  's' is defined but never used                                              no-unused-vars
  15803:25  warning  'd' is assigned a value but never used                                     no-unused-vars
  15926:13  warning  't' is defined but never used                                              no-unused-vars
  15926:16  warning  'a' is defined but never used                                              no-unused-vars
  16036:12  warning  'a' is defined but never used                                              no-unused-vars
  16100:19  warning  'o' is defined but never used                                              no-unused-vars
  16113:19  warning  'o' is defined but never used                                              no-unused-vars
  16129:19  warning  'o' is defined but never used                                              no-unused-vars
  16139:19  warning  'o' is defined but never used                                              no-unused-vars
  16274:19  warning  'h' is assigned a value but never used                                     no-unused-vars
  16836:8   warning  Do not access Object.prototype method 'hasOwnProperty' from target object  no-prototype-builtins
  16846:8   warning  Do not access Object.prototype method 'hasOwnProperty' from target object  no-prototype-builtins
  16921:10  warning  Do not access Object.prototype method 'hasOwnProperty' from target object  no-prototype-builtins
  17128:12  warning  'v' is assigned a value but never used                                     no-unused-vars
  17229:18  warning  'o' is assigned a value but never used                                     no-unused-vars
  17231:14  warning  'c' is assigned a value but never used                                     no-unused-vars
  17235:12  warning  'm' is assigned a value but never used                                     no-unused-vars
  17371:13  warning  Empty block statement                                                      no-empty
  17939:16  warning  'a' is defined but never used                                              no-unused-vars
  17970:44  warning  's' is assigned a value but never used                                     no-unused-vars
  17970:54  warning  'c' is assigned a value but never used                                     no-unused-vars
  18096:6   warning  'h2' is a function                                                         no-func-assign
  18743:36  warning  'tt' is defined but never used                                             no-unused-vars
  19001:11  warning  Empty block statement                                                      no-empty
  19377:32  warning  'C' is assigned a value but never used                                     no-unused-vars
  19538:12  warning  Do not access Object.prototype method 'hasOwnProperty' from target object  no-prototype-builtins
  20457:36  warning  Do not access Object.prototype method 'hasOwnProperty' from target object  no-prototype-builtins
  20702:13  warning  Do not access Object.prototype method 'hasOwnProperty' from target object  no-prototype-builtins
  20703:11  warning  Do not access Object.prototype method 'hasOwnProperty' from target object  no-prototype-builtins
  20717:12  warning  'B' is assigned to itself                                                  no-self-assign
  21715:21  warning  'R' is assigned a value but never used                                     no-unused-vars
  22749:16  warning  'm' is assigned a value but never used                                     no-unused-vars
  22756:16  warning  'R' is assigned a value but never used                                     no-unused-vars
  22762:17  warning  'N' is assigned a value but never used                                     no-unused-vars
  22777:15  warning  'H' is assigned a value but never used                                     no-unused-vars
  22788:27  warning  'Xt' is defined but never used                                             no-unused-vars
  23214:35  warning  'W' is defined but never used                                              no-unused-vars
  24154:22  warning  Do not access Object.prototype method 'hasOwnProperty' from target object  no-prototype-builtins
  24287:18  warning  'p' is assigned a value but never used                                     no-unused-vars
  24303:18  warning  'B' is assigned a value but never used                                     no-unused-vars
  24304:28  warning  'Y' is assigned a value but never used                                     no-unused-vars
  24305:29  warning  'G' is assigned a value but never used                                     no-unused-vars
  24309:16  warning  'D' is assigned a value but never used                                     no-unused-vars
  24782:19  warning  'c' is assigned a value but never used                                     no-unused-vars
  25267:22  warning  'm' is assigned a value but never used                                     no-unused-vars
  25527:19  warning  'h' is assigned a value but never used                                     no-unused-vars
  25528:16  warning  'm' is assigned a value but never used                                     no-unused-vars
  25529:17  warning  'v' is assigned a value but never used                                     no-unused-vars
  25530:18  warning  'b' is assigned a value but never used                                     no-unused-vars
  25531:17  warning  'A' is assigned a value but never used                                     no-unused-vars
  25532:19  warning  'E' is assigned a value but never used                                     no-unused-vars
  25533:18  warning  'C' is assigned a value but never used                                     no-unused-vars
  25667:16  warning  'p' is assigned a value but never used                                     no-unused-vars
  25669:19  warning  'm' is assigned a value but never used                                     no-unused-vars
  25670:16  warning  'v' is assigned a value but never used                                     no-unused-vars
  25671:17  warning  'b' is assigned a value but never used                                     no-unused-vars
  25672:18  warning  'A' is assigned a value but never used                                     no-unused-vars
  25673:19  warning  'E' is assigned a value but never used                                     no-unused-vars
  25829:35  warning  'X' is defined but never used                                              no-unused-vars
  26253:17  warning  'd' is assigned a value but never used                                     no-unused-vars
  26255:18  warning  'h' is assigned a value but never used                                     no-unused-vars
  27674:17  warning  'a' is assigned a value but never used                                     no-unused-vars
  27675:16  warning  'o' is assigned a value but never used                                     no-unused-vars
  28040:15  warning  'W' is assigned a value but never used                                     no-unused-vars
  28325:15  warning  'X' is assigned a value but never used                                     no-unused-vars
  29329:15  warning  'N' is assigned a value but never used                                     no-unused-vars
  29330:19  warning  'B' is assigned a value but never used                                     no-unused-vars
  29331:28  warning  'Y' is assigned a value but never used                                     no-unused-vars
  29339:19  warning  'W' is assigned a value but never used                                     no-unused-vars
  29341:16  warning  'U' is assigned a value but never used                                     no-unused-vars
  29830:18  warning  'p' is assigned a value but never used                                     no-unused-vars
  31459:50  warning  'c' is defined but never used                                              no-unused-vars
  31895:21  warning  Empty block statement                                                      no-empty
  32015:22  warning  'M' is assigned a value but never used                                     no-unused-vars
  32182:21  warning  Do not access Object.prototype method 'hasOwnProperty' from target object  no-prototype-builtins
  32333:11  warning  'O' is defined but never used                                              no-unused-vars
  32337:13  warning  'O' is defined but never used                                              no-unused-vars
  32874:44  warning  'p' is defined but never used                                              no-unused-vars
  33209:19  warning  Do not access Object.prototype method 'hasOwnProperty' from target object  no-prototype-builtins
  33474:19  warning  'U' is defined but never used                                              no-unused-vars
  33991:18  warning  'U' is defined but never used                                              no-unused-vars
  34848:17  warning  'v' is defined but never used                                              no-unused-vars
  35135:22  warning  'lt' is defined but never used                                             no-unused-vars
  36480:24  warning  'R' is defined but never used                                              no-unused-vars
  36491:7   warning  Redundant double negation                                                  no-extra-boolean-cast
  36662:28  warning  Do not access Object.prototype method 'hasOwnProperty' from target object  no-prototype-builtins
  37845:13  warning  Unexpected lexical declaration in case block                               no-case-declarations
  37998:11  warning  Unexpected lexical declaration in case block                               no-case-declarations
  38004:11  warning  Unexpected lexical declaration in case block                               no-case-declarations
  38129:15  warning  Unexpected lexical declaration in case block                               no-case-declarations
  38320:11  warning  Unexpected lexical declaration in case block                               no-case-declarations
  38323:11  warning  Unexpected lexical declaration in case block                               no-case-declarations
  40323:32  warning  'k' is defined but never used                                              no-unused-vars
  42484:27  warning  Empty block statement                                                      no-empty
  42752:23  warning  Empty block statement                                                      no-empty
  42892:21  warning  Expected a conditional expression and instead saw an assignment            no-cond-assign
  43216:26  warning  'r' is defined but never used                                              no-unused-vars
  43713:23  warning  Expected a 'break' statement before 'case'                                 no-fallthrough
  43753:24  warning  Unexpected constant condition                                              no-constant-condition
  44573:25  warning  Empty block statement                                                      no-empty
  44574:27  warning  Empty block statement                                                      no-empty
  45021:25  warning  Empty block statement                                                      no-empty
  45496:22  warning  Expected a conditional expression and instead saw an assignment            no-cond-assign
  45547:20  warning  Expected a conditional expression and instead saw an assignment            no-cond-assign
  46089:26  warning  Expected a conditional expression and instead saw an assignment            no-cond-assign
  46106:15  warning  Expected a 'break' statement before 'case'                                 no-fallthrough
  46123:15  warning  Expected a 'break' statement before 'case'                                 no-fallthrough
  46493:15  warning  Expected a 'break' statement before 'case'                                 no-fallthrough
  46514:15  warning  Expected a 'break' statement before 'case'                                 no-fallthrough
  47145:15  warning  Expected a 'break' statement before 'case'                                 no-fallthrough
  47205:23  warning  Empty block statement                                                      no-empty
  47216:15  warning  Expected a 'break' statement before 'case'                                 no-fallthrough
  47228:15  warning  Expected a 'break' statement before 'case'                                 no-fallthrough
  47230:15  warning  Expected a 'break' statement before 'case'                                 no-fallthrough
  47354:23  warning  Expected a 'break' statement before 'case'                                 no-fallthrough
  47430:15  warning  Expected a 'break' statement before 'case'                                 no-fallthrough
  47440:15  warning  Expected a 'break' statement before 'case'                                 no-fallthrough
  47633:21  warning  Expected a 'break' statement before 'case'                                 no-fallthrough
  47689:17  warning  Expected a 'break' statement before 'case'                                 no-fallthrough
  47752:17  warning  Expected a 'break' statement before 'case'                                 no-fallthrough
  48255:21  warning  Expected a 'break' statement before 'case'                                 no-fallthrough
  48295:22  warning  Unexpected constant condition                                              no-constant-condition
  48482:20  warning  Unexpected constant condition                                              no-constant-condition
  48540:25  warning  Expected a 'break' statement before 'case'                                 no-fallthrough
  48573:20  warning  Unexpected constant condition                                              no-constant-condition
  48602:15  warning  Expected a 'break' statement before 'default'                              no-fallthrough
  48784:25  warning  Empty block statement                                                      no-empty
  48816:23  warning  'i' is defined but never used                                              no-unused-vars
  48845:25  warning  Empty block statement                                                      no-empty
  49798:30  warning  'process' is not defined                                                   no-undef
  49800:23  warning  'process' is not defined                                                   no-undef
  50154:25  warning  '__REACT_DEVTOOLS_GLOBAL_HOOK__' is not defined                            no-undef
  50159:27  warning  Empty block statement                                                      no-empty
  50294:18  warning  Do not access Object.prototype method 'hasOwnProperty' from target object  no-prototype-builtins
  50301:12  warning  'd' is already defined                                                     no-redeclare
  50303:11  warning  'p' is already defined                                                     no-redeclare
  50306:13  warning  'm' is already defined                                                     no-redeclare
  50316:12  warning  'm' is already defined                                                     no-redeclare
  50338:19  warning  'o' is defined but never used                                              no-unused-vars
  50355:16  warning  'a' is defined but never used                                              no-unused-vars
  50355:19  warning  'o' is defined but never used                                              no-unused-vars
  50360:13  warning  't' is defined but never used                                              no-unused-vars
  50360:16  warning  'a' is defined but never used                                              no-unused-vars
  50360:19  warning  'o' is defined but never used                                              no-unused-vars
  50372:13  warning  't' is defined but never used                                              no-unused-vars
  50372:16  warning  'a' is defined but never used                                              no-unused-vars
  50372:19  warning  'o' is defined but never used                                              no-unused-vars
  50372:22  warning  's' is defined but never used                                              no-unused-vars
  50376:13  warning  't' is defined but never used                                              no-unused-vars
  50377:13  warning  't' is defined but never used                                              no-unused-vars
  50377:16  warning  'a' is defined but never used                                              no-unused-vars
  50393:13  warning  't' is defined but never used                                              no-unused-vars
  50393:16  warning  'a' is defined but never used                                              no-unused-vars
  50424:13  warning  't' is defined but never used                                              no-unused-vars
  50424:16  warning  'a' is defined but never used                                              no-unused-vars
  50424:19  warning  'o' is defined but never used                                              no-unused-vars
  50431:13  warning  't' is defined but never used                                              no-unused-vars
  50435:13  warning  't' is defined but never used                                              no-unused-vars
  50435:16  warning  'a' is defined but never used                                              no-unused-vars
  50436:13  warning  't' is defined but never used                                              no-unused-vars
  50752:15  warning  'a' is defined but never used                                              no-unused-vars
  51397:40  warning  'De' is defined but never used                                             no-unused-vars

/home/runner/work/exp-consensus-algorithms-au/exp-consensus-algorithms-au/experiment/simulation/js/index-Bw5lEhkQ.js
    1:1137    warning  'global' is not defined                                                    no-undef
   17:4180    warning  'process' is not defined                                                   no-undef
   17:4206    warning  'process' is not defined                                                   no-undef
   25:991     warning  'setImmediate' is not defined                                              no-undef
   25:1824    warning  Unreachable code                                                           no-unreachable
   33:3442    warning  '__REACT_DEVTOOLS_GLOBAL_HOOK__' is not defined                            no-undef
   33:3499    warning  '__REACT_DEVTOOLS_GLOBAL_HOOK__' is not defined                            no-undef
   41:3147    warning  Empty block statement                                                      no-empty
   41:4604    warning  Empty block statement                                                      no-empty
   41:8271    warning  Expected a conditional expression and instead saw an assignment            no-cond-assign
   41:8371    warning  Expected a conditional expression and instead saw an assignment            no-cond-assign
   41:8454    warning  Expected a conditional expression and instead saw an assignment            no-cond-assign
   41:8903    warning  Unexpected combined character in character class                           no-misleading-character-class
   46:207     warning  Expected a conditional expression and instead saw an assignment            no-cond-assign
   48:391     warning  Do not access Object.prototype method 'hasOwnProperty' from target object  no-prototype-builtins
   48:2563    warning  Do not access Object.prototype method 'hasOwnProperty' from target object  no-prototype-builtins
   48:4674    warning  Do not access Object.prototype method 'hasOwnProperty' from target object  no-prototype-builtins
   48:4704    warning  Do not access Object.prototype method 'hasOwnProperty' from target object  no-prototype-builtins
   48:4823    warning  Do not access Object.prototype method 'hasOwnProperty' from target object  no-prototype-builtins
   48:4884    warning  Do not access Object.prototype method 'hasOwnProperty' from target object  no-prototype-builtins
   48:7847    warning  Unexpected control character(s) in regular expression: \x00, \x1f          no-control-regex
   48:9875    warning  Expected to return a value in method 'get'                                 getter-return
   48:10565   warning  Do not access Object.prototype method 'hasOwnProperty' from target object  no-prototype-builtins
   48:10907   warning  Invalid typeof comparison value                                            valid-typeof
   48:11081   warning  Invalid typeof comparison value                                            valid-typeof
   48:12946   warning  Expected a conditional expression and instead saw an assignment            no-cond-assign
   48:19265   warning  Do not access Object.prototype method 'hasOwnProperty' from target object  no-prototype-builtins
   48:32888   warning  Expected a 'break' statement before 'case'                                 no-fallthrough
   48:33384   warning  Unexpected constant condition                                              no-constant-condition
   48:45018   warning  Empty block statement                                                      no-empty
   48:45027   warning  Empty block statement                                                      no-empty
   48:56064   warning  Empty block statement                                                      no-empty
   48:58071   warning  Expected a conditional expression and instead saw an assignment            no-cond-assign
   48:58528   warning  'process' is not defined                                                   no-undef
   48:58554   warning  'process' is not defined                                                   no-undef
   48:64836   warning  Expected a conditional expression and instead saw an assignment            no-cond-assign
   48:65974   warning  Expected a conditional expression and instead saw an assignment            no-cond-assign
   48:67689   warning  Expected a conditional expression and instead saw an assignment            no-cond-assign
   48:74517   warning  Expected a conditional expression and instead saw an assignment            no-cond-assign
   48:79542   warning  Unnecessary escape character: \/                                           no-useless-escape
   48:89525   warning  Expected a 'break' statement before 'case'                                 no-fallthrough
   48:90443   warning  Empty block statement                                                      no-empty
   48:90722   warning  Expected a 'break' statement before 'case'                                 no-fallthrough
   48:93758   warning  Expected a conditional expression and instead saw an assignment            no-cond-assign
   48:96062   warning  Do not access Object.prototype method 'hasOwnProperty' from target object  no-prototype-builtins
   48:97780   warning  Expected a 'break' statement before 'case'                                 no-fallthrough
   48:98461   warning  Expected a 'break' statement before 'case'                                 no-fallthrough
   48:104081  warning  Expected a 'break' statement before 'case'                                 no-fallthrough
   48:104397  warning  Unexpected constant condition                                              no-constant-condition
   48:106747  warning  Unexpected constant condition                                              no-constant-condition
   48:107372  warning  Expected a 'break' statement before 'case'                                 no-fallthrough
   48:107681  warning  Unexpected constant condition                                              no-constant-condition
   48:108081  warning  Expected a 'break' statement before 'default'                              no-fallthrough
   48:110625  warning  Expected a conditional expression and instead saw an assignment            no-cond-assign
   48:111448  warning  Empty block statement                                                      no-empty
   48:111827  warning  'e' is defined but never used                                              no-unused-vars
   48:112194  warning  Empty block statement                                                      no-empty
   48:113662  warning  'n' is defined but never used                                              no-unused-vars
   48:115977  warning  Expected a conditional expression and instead saw an assignment            no-cond-assign
   48:119774  warning  Expected a 'break' statement before 'case'                                 no-fallthrough
   48:119967  warning  Expected a 'break' statement before 'case'                                 no-fallthrough
   48:121245  warning  Expected a conditional expression and instead saw an assignment            no-cond-assign
   48:122892  warning  Expected a 'break' statement before 'case'                                 no-fallthrough
   48:124467  warning  Unexpected control character(s) in regular expression: \x00                no-control-regex
   49:491     warning  Expected a 'break' statement before 'case'                                 no-fallthrough
   49:5093    warning  Do not access Object.prototype method 'hasOwnProperty' from target object  no-prototype-builtins
   49:5665    warning  Do not access Object.prototype method 'hasOwnProperty' from target object  no-prototype-builtins
   49:6006    warning  Do not access Object.prototype method 'hasOwnProperty' from target object  no-prototype-builtins
   49:6421    warning  Do not access Object.prototype method 'hasOwnProperty' from target object  no-prototype-builtins
   49:6537    warning  Expected a 'break' statement before 'default'                              no-fallthrough
   49:6699    warning  Do not access Object.prototype method 'hasOwnProperty' from target object  no-prototype-builtins
   49:6969    warning  Do not access Object.prototype method 'hasOwnProperty' from target object  no-prototype-builtins
   49:7467    warning  Expected a 'break' statement before 'case'                                 no-fallthrough
   49:7607    warning  Do not access Object.prototype method 'hasOwnProperty' from target object  no-prototype-builtins
   49:7790    warning  Do not access Object.prototype method 'hasOwnProperty' from target object  no-prototype-builtins
   49:7875    warning  Do not access Object.prototype method 'hasOwnProperty' from target object  no-prototype-builtins
   49:8142    warning  Do not access Object.prototype method 'hasOwnProperty' from target object  no-prototype-builtins
   49:8245    warning  Expected a 'break' statement before 'default'                              no-fallthrough
   49:8255    warning  Do not access Object.prototype method 'hasOwnProperty' from target object  no-prototype-builtins
   49:8341    warning  Do not access Object.prototype method 'hasOwnProperty' from target object  no-prototype-builtins
   49:8753    warning  Do not access Object.prototype method 'hasOwnProperty' from target object  no-prototype-builtins
   49:8830    warning  Expected a 'break' statement before 'default'                              no-fallthrough
   49:8840    warning  Do not access Object.prototype method 'hasOwnProperty' from target object  no-prototype-builtins
   49:8910    warning  Do not access Object.prototype method 'hasOwnProperty' from target object  no-prototype-builtins
   49:9030    warning  Expected a 'break' statement before 'default'                              no-fallthrough
   49:9213    warning  Do not access Object.prototype method 'hasOwnProperty' from target object  no-prototype-builtins
   49:9244    warning  Do not access Object.prototype method 'hasOwnProperty' from target object  no-prototype-builtins
   49:9368    warning  Do not access Object.prototype method 'hasOwnProperty' from target object  no-prototype-builtins
   49:9649    warning  Do not access Object.prototype method 'hasOwnProperty' from target object  no-prototype-builtins
   49:9682    warning  Do not access Object.prototype method 'hasOwnProperty' from target object  no-prototype-builtins
   49:9811    warning  Do not access Object.prototype method 'hasOwnProperty' from target object  no-prototype-builtins
   49:10181   warning  Do not access Object.prototype method 'hasOwnProperty' from target object  no-prototype-builtins
   49:10214   warning  Do not access Object.prototype method 'hasOwnProperty' from target object  no-prototype-builtins
   49:10290   warning  Do not access Object.prototype method 'hasOwnProperty' from target object  no-prototype-builtins
   49:10515   warning  Do not access Object.prototype method 'hasOwnProperty' from target object  no-prototype-builtins
   49:10551   warning  Do not access Object.prototype method 'hasOwnProperty' from target object  no-prototype-builtins
   49:10627   warning  Do not access Object.prototype method 'hasOwnProperty' from target object  no-prototype-builtins
   49:10736   warning  Do not access Object.prototype method 'hasOwnProperty' from target object  no-prototype-builtins
   49:10769   warning  Do not access Object.prototype method 'hasOwnProperty' from target object  no-prototype-builtins
   49:10843   warning  Do not access Object.prototype method 'hasOwnProperty' from target object  no-prototype-builtins
   49:17203   warning  Expected a conditional expression and instead saw an assignment            no-cond-assign
   49:18286   warning  Expected a conditional expression and instead saw an assignment            no-cond-assign
   49:20821   warning  Expected a conditional expression and instead saw an assignment            no-cond-assign
   49:33317   warning  '__REACT_DEVTOOLS_GLOBAL_HOOK__' is not defined                            no-undef
   49:33416   warning  Empty block statement                                                      no-empty
   49:34732   warning  '__REACT_DEVTOOLS_GLOBAL_HOOK__' is not defined                            no-undef
   49:34789   warning  '__REACT_DEVTOOLS_GLOBAL_HOOK__' is not defined                            no-undef
   57:1334    warning  'a' is defined but never used                                              no-unused-vars
   57:4113    warning  'o' is defined but never used                                              no-unused-vars
   57:11574   warning  'k1' is a function                                                         no-func-assign
   57:12899   warning  Empty block statement                                                      no-empty
   57:13404   warning  Expected a conditional expression and instead saw an assignment            no-cond-assign
   57:15417   warning  Expected a 'break' statement before 'case'                                 no-fallthrough
   57:15653   warning  Expected a 'break' statement before 'case'                                 no-fallthrough
   57:15709   warning  Expected a 'break' statement before 'case'                                 no-fallthrough
   57:15838   warning  Expected a 'break' statement before 'default'                              no-fallthrough
   57:16160   warning  Expected a 'break' statement before 'default'                              no-fallthrough
   57:16946   warning  Expected a 'break' statement before 'case'                                 no-fallthrough
   57:17739   warning  Expected a 'break' statement before 'default'                              no-fallthrough
   57:17765   warning  Expected a conditional expression and instead saw an assignment            no-cond-assign
   57:19833   warning  Expected a 'break' statement before 'case'                                 no-fallthrough
   57:20043   warning  Expected a 'break' statement before 'case'                                 no-fallthrough
   64:3233    warning  Empty block statement                                                      no-empty
   64:4026    warning  Expected a 'break' statement before 'case'                                 no-fallthrough
   64:4063    warning  Expected a 'break' statement before 'case'                                 no-fallthrough
   72:7732    warning  's' is defined but never used                                              no-unused-vars
   72:18830   warning  'd' is assigned a value but never used                                     no-unused-vars
   72:20877   warning  't' is defined but never used                                              no-unused-vars
   72:20879   warning  'a' is defined but never used                                              no-unused-vars
   72:23007   warning  'a' is defined but never used                                              no-unused-vars
   72:24074   warning  'o' is defined but never used                                              no-unused-vars
   72:24312   warning  'o' is defined but never used                                              no-unused-vars
   72:24641   warning  'o' is defined but never used                                              no-unused-vars
   72:24748   warning  'o' is defined but never used                                              no-unused-vars
   72:27011   warning  'p' is assigned a value but never used                                     no-unused-vars
   72:36144   warning  Do not access Object.prototype method 'hasOwnProperty' from target object  no-prototype-builtins
   72:36307   warning  Do not access Object.prototype method 'hasOwnProperty' from target object  no-prototype-builtins
   72:37732   warning  Do not access Object.prototype method 'hasOwnProperty' from target object  no-prototype-builtins
   72:41608   warning  'v' is assigned a value but never used                                     no-unused-vars
   79:797     warning  'o' is assigned a value but never used                                     no-unused-vars
   79:819     warning  'c' is assigned a value but never used                                     no-unused-vars
   79:873     warning  'm' is assigned a value but never used                                     no-unused-vars
   79:3373    warning  Empty block statement                                                      no-empty
   79:16746   warning  'a' is defined but never used                                              no-unused-vars
   79:17234   warning  's' is assigned a value but never used                                     no-unused-vars
   79:17242   warning  'c' is assigned a value but never used                                     no-unused-vars
   79:18934   warning  'o2' is a function                                                         no-func-assign
   79:29431   warning  'et' is defined but never used                                             no-unused-vars
   79:33305   warning  Empty block statement                                                      no-empty
  152:3221    warning  'C' is assigned a value but never used                                     no-unused-vars
  152:5418    warning  Do not access Object.prototype method 'hasOwnProperty' from target object  no-prototype-builtins
  179:13840   warning  Do not access Object.prototype method 'hasOwnProperty' from target object  no-prototype-builtins
  179:17992   warning  Do not access Object.prototype method 'hasOwnProperty' from target object  no-prototype-builtins
  179:18016   warning  Do not access Object.prototype method 'hasOwnProperty' from target object  no-prototype-builtins
  179:18210   warning  'D' is assigned to itself                                                  no-self-assign
  179:33767   warning  'A' is assigned a value but never used                                     no-unused-vars
  181:4689    warning  'm' is assigned a value but never used                                     no-unused-vars
  181:4806    warning  'A' is assigned a value but never used                                     no-unused-vars
  181:4887    warning  'N' is assigned a value but never used                                     no-unused-vars
  181:5045    warning  'L' is assigned a value but never used                                     no-unused-vars
  181:5216    warning  'Ft' is defined but never used                                             no-unused-vars
  181:11607   warning  '$' is defined but never used                                              no-unused-vars
  181:28326   warning  Do not access Object.prototype method 'hasOwnProperty' from target object  no-prototype-builtins
  181:30561   warning  'h' is assigned a value but never used                                     no-unused-vars
  181:30856   warning  'D' is assigned a value but never used                                     no-unused-vars
  181:30876   warning  'Y' is assigned a value but never used                                     no-unused-vars
  181:30897   warning  'G' is assigned a value but never used                                     no-unused-vars
  181:30938   warning  'j' is assigned a value but never used                                     no-unused-vars
  181:40278   warning  'm' is assigned a value but never used                                     no-unused-vars
  181:43833   warning  'p' is assigned a value but never used                                     no-unused-vars
  181:43841   warning  'm' is assigned a value but never used                                     no-unused-vars
  181:43850   warning  'v' is assigned a value but never used                                     no-unused-vars
  181:43860   warning  'S' is assigned a value but never used                                     no-unused-vars
  181:43869   warning  'R' is assigned a value but never used                                     no-unused-vars
  181:43880   warning  'E' is assigned a value but never used                                     no-unused-vars
  181:43890   warning  'C' is assigned a value but never used                                     no-unused-vars
  181:45634   warning  'h' is assigned a value but never used                                     no-unused-vars
  181:45665   warning  'm' is assigned a value but never used                                     no-unused-vars
  181:45673   warning  'v' is assigned a value but never used                                     no-unused-vars
  181:45682   warning  'S' is assigned a value but never used                                     no-unused-vars
  181:45692   warning  'R' is assigned a value but never used                                     no-unused-vars
  181:45703   warning  'E' is assigned a value but never used                                     no-unused-vars
  181:48025   warning  'Q' is defined but never used                                              no-unused-vars
  181:54685   warning  'd' is assigned a value but never used                                     no-unused-vars
  181:54704   warning  'p' is assigned a value but never used                                     no-unused-vars
  232:21781   warning  'a' is assigned a value but never used                                     no-unused-vars
  232:21791   warning  'o' is assigned a value but never used                                     no-unused-vars
  232:27439   warning  '$' is assigned a value but never used                                     no-unused-vars
  232:32170   warning  'Q' is assigned a value but never used                                     no-unused-vars
  232:49094   warning  'N' is assigned a value but never used                                     no-unused-vars
  232:49105   warning  'D' is assigned a value but never used                                     no-unused-vars
  232:49125   warning  'Y' is assigned a value but never used                                     no-unused-vars
  232:49234   warning  '$' is assigned a value but never used                                     no-unused-vars
  232:49259   warning  'U' is assigned a value but never used                                     no-unused-vars
  232:57225   warning  'h' is assigned a value but never used                                     no-unused-vars
  232:79890   warning  'c' is defined but never used                                              no-unused-vars
  232:87699   warning  Empty block statement                                                      no-empty
  232:87792   warning  Expected a conditional expression and instead saw an assignment            no-cond-assign
  232:89835   warning  'M' is assigned a value but never used                                     no-unused-vars
  232:92155   warning  Do not access Object.prototype method 'hasOwnProperty' from target object  no-prototype-builtins
  232:94387   warning  'O' is defined but never used                                              no-unused-vars
  232:94445   warning  'O' is defined but never used                                              no-unused-vars
  232:104054  warning  'h' is defined but never used                                              no-unused-vars
  232:109602  warning  Do not access Object.prototype method 'hasOwnProperty' from target object  no-prototype-builtins
  232:114476  warning  'U' is defined but never used                                              no-unused-vars
  232:123669  warning  'U' is defined but never used                                              no-unused-vars
  232:140031  warning  'v' is defined but never used                                              no-unused-vars
  232:144952  warning  'nt' is defined but never used                                             no-unused-vars
  232:170924  warning  'A' is defined but never used                                              no-unused-vars
  232:171125  warning  Redundant double negation                                                  no-extra-boolean-cast
  232:173974  warning  Do not access Object.prototype method 'hasOwnProperty' from target object  no-prototype-builtins
  232:198872  warning  Unexpected lexical declaration in case block                               no-case-declarations
  232:201166  warning  Unexpected lexical declaration in case block                               no-case-declarations
  232:201214  warning  Unexpected lexical declaration in case block                               no-case-declarations
  232:202807  warning  Expected a conditional expression and instead saw an assignment            no-cond-assign
  232:203177  warning  Unexpected lexical declaration in case block                               no-case-declarations
  232:205447  warning  Unexpected lexical declaration in case block                               no-case-declarations
  232:205476  warning  Unexpected lexical declaration in case block                               no-case-declarations
  233:15364   warning  'k' is defined but never used                                              no-unused-vars
  241:2576    warning  Empty block statement                                                      no-empty
  241:5901    warning  Empty block statement                                                      no-empty
  246:207     warning  Expected a conditional expression and instead saw an assignment            no-cond-assign
  248:4251    warning  'r' is defined but never used                                              no-unused-vars
  248:11084   warning  Expected a 'break' statement before 'case'                                 no-fallthrough
  248:11593   warning  Unexpected constant condition                                              no-constant-condition
  248:22845   warning  Empty block statement                                                      no-empty
  248:22854   warning  Empty block statement                                                      no-empty
  248:30242   warning  Empty block statement                                                      no-empty
  248:31707   warning  Expected a conditional expression and instead saw an assignment            no-cond-assign
  248:37970   warning  Expected a conditional expression and instead saw an assignment            no-cond-assign
  248:39118   warning  Expected a conditional expression and instead saw an assignment            no-cond-assign
  248:47395   warning  Expected a conditional expression and instead saw an assignment            no-cond-assign
  248:47588   warning  Expected a 'break' statement before 'case'                                 no-fallthrough
  248:47809   warning  Expected a 'break' statement before 'case'                                 no-fallthrough
  248:53551   warning  Expected a 'break' statement before 'case'                                 no-fallthrough
  248:53823   warning  Expected a 'break' statement before 'case'                                 no-fallthrough
  248:62010   warning  Expected a 'break' statement before 'case'                                 no-fallthrough
  248:62910   warning  Empty block statement                                                      no-empty
  248:63034   warning  Expected a 'break' statement before 'case'                                 no-fallthrough
  248:63152   warning  Expected a 'break' statement before 'case'                                 no-fallthrough
  248:63171   warning  Expected a 'break' statement before 'case'                                 no-fallthrough
  248:64544   warning  Expected a 'break' statement before 'case'                                 no-fallthrough
  248:65683   warning  Expected a 'break' statement before 'case'                                 no-fallthrough
  248:65809   warning  Expected a 'break' statement before 'case'                                 no-fallthrough
  248:68143   warning  Expected a 'break' statement before 'case'                                 no-fallthrough
  248:68892   warning  Expected a 'break' statement before 'case'                                 no-fallthrough
  248:69581   warning  Expected a 'break' statement before 'case'                                 no-fallthrough
  248:76629   warning  Expected a 'break' statement before 'case'                                 no-fallthrough
  248:76944   warning  Unexpected constant condition                                              no-constant-condition
  248:79403   warning  Unexpected constant condition                                              no-constant-condition
  248:80032   warning  Expected a 'break' statement before 'case'                                 no-fallthrough
  248:80384   warning  Unexpected constant condition                                              no-constant-condition
  248:80786   warning  Expected a 'break' statement before 'default'                              no-fallthrough
  248:83057   warning  Empty block statement                                                      no-empty
  248:83450   warning  'i' is defined but never used                                              no-unused-vars
  248:83834   warning  Empty block statement                                                      no-empty
  248:100015  warning  'process' is not defined                                                   no-undef
  248:100041  warning  'process' is not defined                                                   no-undef
  252:438     warning  '__REACT_DEVTOOLS_GLOBAL_HOOK__' is not defined                            no-undef
  252:542     warning  Empty block statement                                                      no-empty
  267:400     warning  Do not access Object.prototype method 'hasOwnProperty' from target object  no-prototype-builtins
  267:493     warning  'd' is already defined                                                     no-redeclare
  267:515     warning  'h' is already defined                                                     no-redeclare
  267:564     warning  'm' is already defined                                                     no-redeclare
  267:784     warning  'm' is already defined                                                     no-redeclare
  267:1175    warning  'o' is defined but never used                                              no-unused-vars
  267:1684    warning  'a' is defined but never used                                              no-unused-vars
  267:1686    warning  'o' is defined but never used                                              no-unused-vars
  267:1796    warning  't' is defined but never used                                              no-unused-vars
  267:1798    warning  'a' is defined but never used                                              no-unused-vars
  267:1800    warning  'o' is defined but never used                                              no-unused-vars
  267:1900    warning  't' is defined but never used                                              no-unused-vars
  267:1902    warning  'a' is defined but never used                                              no-unused-vars
  267:1904    warning  'o' is defined but never used                                              no-unused-vars
  267:1906    warning  's' is defined but never used                                              no-unused-vars
  267:1946    warning  't' is defined but never used                                              no-unused-vars
  267:1962    warning  't' is defined but never used                                              no-unused-vars
  267:1964    warning  'a' is defined but never used                                              no-unused-vars
  267:2096    warning  't' is defined but never used                                              no-unused-vars
  267:2098    warning  'a' is defined but never used                                              no-unused-vars
  267:2577    warning  't' is defined but never used                                              no-unused-vars
  267:2579    warning  'a' is defined but never used                                              no-unused-vars
  267:2581    warning  'o' is defined but never used                                              no-unused-vars
  267:2658    warning  't' is defined but never used                                              no-unused-vars
  267:2730    warning  't' is defined but never used                                              no-unused-vars
  267:2732    warning  'a' is defined but never used                                              no-unused-vars
  267:2748    warning  't' is defined but never used                                              no-unused-vars
  267:7455    warning  'a' is defined but never used                                              no-unused-vars
  270:6241    warning  'At' is defined but never used                                             no-unused-vars

/home/runner/work/exp-consensus-algorithms-au/exp-consensus-algorithms-au/experiment/simulation/js/index-Bz_hb7pz.js
     57:7   warning  'global' is not defined                                                    no-undef
    361:20  warning  'process' is not defined                                                   no-undef
    363:13  warning  'process' is not defined                                                   no-undef
    674:43  warning  'setImmediate' is not defined                                              no-undef
    737:17  warning  Unreachable code                                                           no-unreachable
   1084:16  warning  '__REACT_DEVTOOLS_GLOBAL_HOOK__' is not defined                            no-undef
   1088:9   warning  '__REACT_DEVTOOLS_GLOBAL_HOOK__' is not defined                            no-undef
   1289:19  warning  Empty block statement                                                      no-empty
   1371:15  warning  Empty block statement                                                      no-empty
   1694:12  warning  Unexpected combined character in character class                           no-misleading-character-class
   1893:13  warning  Expected a conditional expression and instead saw an assignment            no-cond-assign
   1964:10  warning  Do not access Object.prototype method 'hasOwnProperty' from target object  no-prototype-builtins
   2092:16  warning  Do not access Object.prototype method 'hasOwnProperty' from target object  no-prototype-builtins
   2168:12  warning  Do not access Object.prototype method 'hasOwnProperty' from target object  no-prototype-builtins
   2169:27  warning  Do not access Object.prototype method 'hasOwnProperty' from target object  no-prototype-builtins
   2176:23  warning  Do not access Object.prototype method 'hasOwnProperty' from target object  no-prototype-builtins
   2177:31  warning  Do not access Object.prototype method 'hasOwnProperty' from target object  no-prototype-builtins
   2276:7   warning  Unexpected control character(s) in regular expression: \x00, \x1f          no-control-regex
   2410:9   warning  Expected to return a value in method 'get'                                 getter-return
   2460:11  warning  Do not access Object.prototype method 'hasOwnProperty' from target object  no-prototype-builtins
   2479:41  warning  Invalid typeof comparison value                                            valid-typeof
   2487:42  warning  Invalid typeof comparison value                                            valid-typeof
   2624:10  warning  Expected a conditional expression and instead saw an assignment            no-cond-assign
   3012:24  warning  Do not access Object.prototype method 'hasOwnProperty' from target object  no-prototype-builtins
   3878:15  warning  Expected a 'break' statement before 'case'                                 no-fallthrough
   3915:16  warning  Unexpected constant condition                                              no-constant-condition
   4730:17  warning  Empty block statement                                                      no-empty
   4731:19  warning  Empty block statement                                                      no-empty
   5399:17  warning  Empty block statement                                                      no-empty
   5543:20  warning  'process' is not defined                                                   no-undef
   5545:13  warning  'process' is not defined                                                   no-undef
   5922:14  warning  Expected a conditional expression and instead saw an assignment            no-cond-assign
   5971:12  warning  Expected a conditional expression and instead saw an assignment            no-cond-assign
   6512:16  warning  Expected a conditional expression and instead saw an assignment            no-cond-assign
   7556:7   warning  Expected a 'break' statement before 'case'                                 no-fallthrough
   7613:15  warning  Empty block statement                                                      no-empty
   7634:7   warning  Expected a 'break' statement before 'case'                                 no-fallthrough
   8028:42  warning  Do not access Object.prototype method 'hasOwnProperty' from target object  no-prototype-builtins
   8159:9   warning  Expected a 'break' statement before 'case'                                 no-fallthrough
   8214:9   warning  Expected a 'break' statement before 'case'                                 no-fallthrough
   8628:13  warning  Expected a 'break' statement before 'case'                                 no-fallthrough
   8652:14  warning  Unexpected constant condition                                              no-constant-condition
   8825:12  warning  Unexpected constant condition                                              no-constant-condition
   8883:17  warning  Expected a 'break' statement before 'case'                                 no-fallthrough
   8914:12  warning  Unexpected constant condition                                              no-constant-condition
   8943:7   warning  Expected a 'break' statement before 'default'                              no-fallthrough
   9177:17  warning  Empty block statement                                                      no-empty
   9204:14  warning  'e' is defined but never used                                              no-unused-vars
   9232:17  warning  Empty block statement                                                      no-empty
   9334:18  warning  'n' is defined but never used                                              no-unused-vars
   9506:16  warning  Expected a conditional expression and instead saw an assignment            no-cond-assign
   9728:13  warning  Expected a 'break' statement before 'case'                                 no-fallthrough
   9744:13  warning  Expected a 'break' statement before 'case'                                 no-fallthrough
   9843:20  warning  Expected a conditional expression and instead saw an assignment            no-cond-assign
   9948:11  warning  Expected a 'break' statement before 'case'                                 no-fallthrough
  10045:10  warning  Unexpected control character(s) in regular expression: \x00                no-control-regex
  10089:7   warning  Expected a 'break' statement before 'case'                                 no-fallthrough
  10324:17  warning  Do not access Object.prototype method 'hasOwnProperty' from target object  no-prototype-builtins
  10369:17  warning  Do not access Object.prototype method 'hasOwnProperty' from target object  no-prototype-builtins
  10395:17  warning  Do not access Object.prototype method 'hasOwnProperty' from target object  no-prototype-builtins
  10430:17  warning  Do not access Object.prototype method 'hasOwnProperty' from target object  no-prototype-builtins
  10440:15  warning  Expected a 'break' statement before 'default'                              no-fallthrough
  10451:17  warning  Do not access Object.prototype method 'hasOwnProperty' from target object  no-prototype-builtins
  10472:17  warning  Do not access Object.prototype method 'hasOwnProperty' from target object  no-prototype-builtins
  10503:7   warning  Expected a 'break' statement before 'case'                                 no-fallthrough
  10515:17  warning  Do not access Object.prototype method 'hasOwnProperty' from target object  no-prototype-builtins
  10527:15  warning  Do not access Object.prototype method 'hasOwnProperty' from target object  no-prototype-builtins
  10533:9   warning  Do not access Object.prototype method 'hasOwnProperty' from target object  no-prototype-builtins
  10556:17  warning  Do not access Object.prototype method 'hasOwnProperty' from target object  no-prototype-builtins
  10564:15  warning  Expected a 'break' statement before 'default'                              no-fallthrough
  10565:19  warning  Do not access Object.prototype method 'hasOwnProperty' from target object  no-prototype-builtins
  10571:30  warning  Do not access Object.prototype method 'hasOwnProperty' from target object  no-prototype-builtins
  10605:31  warning  Do not access Object.prototype method 'hasOwnProperty' from target object  no-prototype-builtins
  10611:15  warning  Expected a 'break' statement before 'default'                              no-fallthrough
  10612:19  warning  Do not access Object.prototype method 'hasOwnProperty' from target object  no-prototype-builtins
  10618:15  warning  Do not access Object.prototype method 'hasOwnProperty' from target object  no-prototype-builtins
  10629:15  warning  Expected a 'break' statement before 'default'                              no-fallthrough
  10645:15  warning  Do not access Object.prototype method 'hasOwnProperty' from target object  no-prototype-builtins
  10645:52  warning  Do not access Object.prototype method 'hasOwnProperty' from target object  no-prototype-builtins
  10659:15  warning  Do not access Object.prototype method 'hasOwnProperty' from target object  no-prototype-builtins
  10682:15  warning  Do not access Object.prototype method 'hasOwnProperty' from target object  no-prototype-builtins
  10682:54  warning  Do not access Object.prototype method 'hasOwnProperty' from target object  no-prototype-builtins
  10695:15  warning  Do not access Object.prototype method 'hasOwnProperty' from target object  no-prototype-builtins
  10723:15  warning  Do not access Object.prototype method 'hasOwnProperty' from target object  no-prototype-builtins
  10725:18  warning  Do not access Object.prototype method 'hasOwnProperty' from target object  no-prototype-builtins
  10731:15  warning  Do not access Object.prototype method 'hasOwnProperty' from target object  no-prototype-builtins
  10746:17  warning  Do not access Object.prototype method 'hasOwnProperty' from target object  no-prototype-builtins
  10748:20  warning  Do not access Object.prototype method 'hasOwnProperty' from target object  no-prototype-builtins
  10753:18  warning  Do not access Object.prototype method 'hasOwnProperty' from target object  no-prototype-builtins
  10762:11  warning  Do not access Object.prototype method 'hasOwnProperty' from target object  no-prototype-builtins
  10764:14  warning  Do not access Object.prototype method 'hasOwnProperty' from target object  no-prototype-builtins
  10769:12  warning  Do not access Object.prototype method 'hasOwnProperty' from target object  no-prototype-builtins
  11221:14  warning  Expected a conditional expression and instead saw an assignment            no-cond-assign
  11375:14  warning  Expected a conditional expression and instead saw an assignment            no-cond-assign
  12123:14  warning  '__REACT_DEVTOOLS_GLOBAL_HOOK__' is not defined                            no-undef
  12127:15  warning  Empty block statement                                                      no-empty
  12201:16  warning  '__REACT_DEVTOOLS_GLOBAL_HOOK__' is not defined                            no-undef
  12205:9   warning  '__REACT_DEVTOOLS_GLOBAL_HOOK__' is not defined                            no-undef
  12334:16  warning  'a' is defined but never used                                              no-unused-vars
  12487:19  warning  'o' is defined but never used                                              no-unused-vars
  12682:9   warning  Unexpected lexical declaration in case block                               no-case-declarations
  13048:6   warning  'V1' is a function                                                         no-func-assign
  13113:19  warning  Empty block statement                                                      no-empty
  13150:11  warning  Expected a conditional expression and instead saw an assignment            no-cond-assign
  13331:7   warning  Expected a 'break' statement before 'case'                                 no-fallthrough
  13357:7   warning  Expected a 'break' statement before 'case'                                 no-fallthrough
  13364:11  warning  Expected a 'break' statement before 'case'                                 no-fallthrough
  13377:11  warning  Expected a 'break' statement before 'default'                              no-fallthrough
  13409:7   warning  Expected a 'break' statement before 'default'                              no-fallthrough
  13457:5   warning  Expected a 'break' statement before 'case'                                 no-fallthrough
  13514:9   warning  Expected a 'break' statement before 'default'                              no-fallthrough
  13673:11  warning  Expected a 'break' statement before 'case'                                 no-fallthrough
  13693:5   warning  Expected a 'break' statement before 'case'                                 no-fallthrough
  14040:19  warning  Empty block statement                                                      no-empty
  14089:5   warning  Expected a 'break' statement before 'case'                                 no-fallthrough
  14091:5   warning  Expected a 'break' statement before 'case'                                 no-fallthrough
  15193:22  warning  's' is defined but never used                                              no-unused-vars
  15803:25  warning  'd' is assigned a value but never used                                     no-unused-vars
  15926:13  warning  't' is defined but never used                                              no-unused-vars
  15926:16  warning  'a' is defined but never used                                              no-unused-vars
  16036:12  warning  'a' is defined but never used                                              no-unused-vars
  16100:19  warning  'o' is defined but never used                                              no-unused-vars
  16113:19  warning  'o' is defined but never used                                              no-unused-vars
  16129:19  warning  'o' is defined but never used                                              no-unused-vars
  16139:19  warning  'o' is defined but never used                                              no-unused-vars
  16274:19  warning  'h' is assigned a value but never used                                     no-unused-vars
  16836:8   warning  Do not access Object.prototype method 'hasOwnProperty' from target object  no-prototype-builtins
  16846:8   warning  Do not access Object.prototype method 'hasOwnProperty' from target object  no-prototype-builtins
  16921:10  warning  Do not access Object.prototype method 'hasOwnProperty' from target object  no-prototype-builtins
  17128:12  warning  'v' is assigned a value but never used                                     no-unused-vars
  17229:18  warning  'o' is assigned a value but never used                                     no-unused-vars
  17231:14  warning  'c' is assigned a value but never used                                     no-unused-vars
  17235:12  warning  'm' is assigned a value but never used                                     no-unused-vars
  17371:13  warning  Empty block statement                                                      no-empty
  17939:16  warning  'a' is defined but never used                                              no-unused-vars
  17970:44  warning  's' is assigned a value but never used                                     no-unused-vars
  17970:54  warning  'c' is assigned a value but never used                                     no-unused-vars
  18096:6   warning  'f2' is a function                                                         no-func-assign
  18743:36  warning  'tt' is defined but never used                                             no-unused-vars
  19001:11  warning  Empty block statement                                                      no-empty
  19377:32  warning  'C' is assigned a value but never used                                     no-unused-vars
  19538:12  warning  Do not access Object.prototype method 'hasOwnProperty' from target object  no-prototype-builtins
  20457:36  warning  Do not access Object.prototype method 'hasOwnProperty' from target object  no-prototype-builtins
  20702:13  warning  Do not access Object.prototype method 'hasOwnProperty' from target object  no-prototype-builtins
  20703:11  warning  Do not access Object.prototype method 'hasOwnProperty' from target object  no-prototype-builtins
  20717:12  warning  'U' is assigned to itself                                                  no-self-assign
  21715:21  warning  'R' is assigned a value but never used                                     no-unused-vars
  22749:16  warning  'm' is assigned a value but never used                                     no-unused-vars
  22756:16  warning  'R' is assigned a value but never used                                     no-unused-vars
  22762:17  warning  'N' is assigned a value but never used                                     no-unused-vars
  22777:15  warning  'H' is assigned a value but never used                                     no-unused-vars
  22788:27  warning  'Xt' is defined but never used                                             no-unused-vars
  23214:35  warning  '$' is defined but never used                                              no-unused-vars
  24154:22  warning  Do not access Object.prototype method 'hasOwnProperty' from target object  no-prototype-builtins
  24287:18  warning  'p' is assigned a value but never used                                     no-unused-vars
  24303:18  warning  'U' is assigned a value but never used                                     no-unused-vars
  24304:28  warning  'Y' is assigned a value but never used                                     no-unused-vars
  24305:29  warning  'L' is assigned a value but never used                                     no-unused-vars
  24309:16  warning  'j' is assigned a value but never used                                     no-unused-vars
  24782:19  warning  'c' is assigned a value but never used                                     no-unused-vars
  25267:22  warning  'm' is assigned a value but never used                                     no-unused-vars
  25527:19  warning  'h' is assigned a value but never used                                     no-unused-vars
  25528:16  warning  'm' is assigned a value but never used                                     no-unused-vars
  25529:17  warning  'v' is assigned a value but never used                                     no-unused-vars
  25530:18  warning  'b' is assigned a value but never used                                     no-unused-vars
  25531:17  warning  'M' is assigned a value but never used                                     no-unused-vars
  25532:19  warning  'E' is assigned a value but never used                                     no-unused-vars
  25533:18  warning  'C' is assigned a value but never used                                     no-unused-vars
  25667:16  warning  'p' is assigned a value but never used                                     no-unused-vars
  25669:19  warning  'm' is assigned a value but never used                                     no-unused-vars
  25670:16  warning  'v' is assigned a value but never used                                     no-unused-vars
  25671:17  warning  'b' is assigned a value but never used                                     no-unused-vars
  25672:18  warning  'M' is assigned a value but never used                                     no-unused-vars
  25673:19  warning  'E' is assigned a value but never used                                     no-unused-vars
  25829:35  warning  'X' is defined but never used                                              no-unused-vars
  26253:17  warning  'd' is assigned a value but never used                                     no-unused-vars
  26255:18  warning  'h' is assigned a value but never used                                     no-unused-vars
  27674:17  warning  'a' is assigned a value but never used                                     no-unused-vars
  27675:16  warning  'o' is assigned a value but never used                                     no-unused-vars
  28040:15  warning  '$' is assigned a value but never used                                     no-unused-vars
  28325:15  warning  'X' is assigned a value but never used                                     no-unused-vars
  29329:15  warning  'N' is assigned a value but never used                                     no-unused-vars
  29330:19  warning  'U' is assigned a value but never used                                     no-unused-vars
  29331:28  warning  'Y' is assigned a value but never used                                     no-unused-vars
  29339:19  warning  '$' is assigned a value but never used                                     no-unused-vars
  29341:16  warning  'B' is assigned a value but never used                                     no-unused-vars
  29830:18  warning  'p' is assigned a value but never used                                     no-unused-vars
  31310:50  warning  'c' is defined but never used                                              no-unused-vars
  31746:21  warning  Empty block statement                                                      no-empty
  31866:22  warning  'A' is assigned a value but never used                                     no-unused-vars
  32033:21  warning  Do not access Object.prototype method 'hasOwnProperty' from target object  no-prototype-builtins
  32184:11  warning  'O' is defined but never used                                              no-unused-vars
  32188:13  warning  'O' is defined but never used                                              no-unused-vars
  32725:44  warning  'p' is defined but never used                                              no-unused-vars
  33060:19  warning  Do not access Object.prototype method 'hasOwnProperty' from target object  no-prototype-builtins
  33325:19  warning  'B' is defined but never used                                              no-unused-vars
  33842:18  warning  'B' is defined but never used                                              no-unused-vars
  34699:17  warning  'v' is defined but never used                                              no-unused-vars
  34986:22  warning  'lt' is defined but never used                                             no-unused-vars
  36331:24  warning  'R' is defined but never used                                              no-unused-vars
  36342:7   warning  Redundant double negation                                                  no-extra-boolean-cast
  36513:28  warning  Do not access Object.prototype method 'hasOwnProperty' from target object  no-prototype-builtins
  37696:13  warning  Unexpected lexical declaration in case block                               no-case-declarations
  37849:11  warning  Unexpected lexical declaration in case block                               no-case-declarations
  37855:11  warning  Unexpected lexical declaration in case block                               no-case-declarations
  37980:15  warning  Unexpected lexical declaration in case block                               no-case-declarations
  38171:11  warning  Unexpected lexical declaration in case block                               no-case-declarations
  38174:11  warning  Unexpected lexical declaration in case block                               no-case-declarations
  40174:32  warning  'k' is defined but never used                                              no-unused-vars
  42335:27  warning  Empty block statement                                                      no-empty
  42603:23  warning  Empty block statement                                                      no-empty
  42743:21  warning  Expected a conditional expression and instead saw an assignment            no-cond-assign
  43067:26  warning  'r' is defined but never used                                              no-unused-vars
  43564:23  warning  Expected a 'break' statement before 'case'                                 no-fallthrough
  43604:24  warning  Unexpected constant condition                                              no-constant-condition
  44424:25  warning  Empty block statement                                                      no-empty
  44425:27  warning  Empty block statement                                                      no-empty
  44872:25  warning  Empty block statement                                                      no-empty
  45347:22  warning  Expected a conditional expression and instead saw an assignment            no-cond-assign
  45398:20  warning  Expected a conditional expression and instead saw an assignment            no-cond-assign
  45940:26  warning  Expected a conditional expression and instead saw an assignment            no-cond-assign
  45957:15  warning  Expected a 'break' statement before 'case'                                 no-fallthrough
  45974:15  warning  Expected a 'break' statement before 'case'                                 no-fallthrough
  46344:15  warning  Expected a 'break' statement before 'case'                                 no-fallthrough
  46365:15  warning  Expected a 'break' statement before 'case'                                 no-fallthrough
  46996:15  warning  Expected a 'break' statement before 'case'                                 no-fallthrough
  47056:23  warning  Empty block statement                                                      no-empty
  47067:15  warning  Expected a 'break' statement before 'case'                                 no-fallthrough
  47079:15  warning  Expected a 'break' statement before 'case'                                 no-fallthrough
  47081:15  warning  Expected a 'break' statement before 'case'                                 no-fallthrough
  47205:23  warning  Expected a 'break' statement before 'case'                                 no-fallthrough
  47281:15  warning  Expected a 'break' statement before 'case'                                 no-fallthrough
  47291:15  warning  Expected a 'break' statement before 'case'                                 no-fallthrough
  47484:21  warning  Expected a 'break' statement before 'case'                                 no-fallthrough
  47540:17  warning  Expected a 'break' statement before 'case'                                 no-fallthrough
  47603:17  warning  Expected a 'break' statement before 'case'                                 no-fallthrough
  48106:21  warning  Expected a 'break' statement before 'case'                                 no-fallthrough
  48146:22  warning  Unexpected constant condition                                              no-constant-condition
  48333:20  warning  Unexpected constant condition                                              no-constant-condition
  48391:25  warning  Expected a 'break' statement before 'case'                                 no-fallthrough
  48424:20  warning  Unexpected constant condition                                              no-constant-condition
  48453:15  warning  Expected a 'break' statement before 'default'                              no-fallthrough
  48635:25  warning  Empty block statement                                                      no-empty
  48667:23  warning  'i' is defined but never used                                              no-unused-vars
  48696:25  warning  Empty block statement                                                      no-empty
  49649:30  warning  'process' is not defined                                                   no-undef
  49651:23  warning  'process' is not defined                                                   no-undef
  50005:25  warning  '__REACT_DEVTOOLS_GLOBAL_HOOK__' is not defined                            no-undef
  50010:27  warning  Empty block statement                                                      no-empty
  50145:18  warning  Do not access Object.prototype method 'hasOwnProperty' from target object  no-prototype-builtins
  50152:12  warning  'd' is already defined                                                     no-redeclare
  50154:11  warning  'p' is already defined                                                     no-redeclare
  50157:13  warning  'm' is already defined                                                     no-redeclare
  50167:12  warning  'm' is already defined                                                     no-redeclare
  50189:19  warning  'o' is defined but never used                                              no-unused-vars
  50206:16  warning  'a' is defined but never used                                              no-unused-vars
  50206:19  warning  'o' is defined but never used                                              no-unused-vars
  50211:13  warning  't' is defined but never used                                              no-unused-vars
  50211:16  warning  'a' is defined but never used                                              no-unused-vars
  50211:19  warning  'o' is defined but never used                                              no-unused-vars
  50223:13  warning  't' is defined but never used                                              no-unused-vars
  50223:16  warning  'a' is defined but never used                                              no-unused-vars
  50223:19  warning  'o' is defined but never used                                              no-unused-vars
  50223:22  warning  's' is defined but never used                                              no-unused-vars
  50227:13  warning  't' is defined but never used                                              no-unused-vars
  50228:13  warning  't' is defined but never used                                              no-unused-vars
  50228:16  warning  'a' is defined but never used                                              no-unused-vars
  50244:13  warning  't' is defined but never used                                              no-unused-vars
  50244:16  warning  'a' is defined but never used                                              no-unused-vars
  50275:13  warning  't' is defined but never used                                              no-unused-vars
  50275:16  warning  'a' is defined but never used                                              no-unused-vars
  50275:19  warning  'o' is defined but never used                                              no-unused-vars
  50282:13  warning  't' is defined but never used                                              no-unused-vars
  50286:13  warning  't' is defined but never used                                              no-unused-vars
  50286:16  warning  'a' is defined but never used                                              no-unused-vars
  50287:13  warning  't' is defined but never used                                              no-unused-vars
  50603:15  warning  'a' is defined but never used                                              no-unused-vars
  51248:40  warning  'De' is defined but never used                                             no-unused-vars

/home/runner/work/exp-consensus-algorithms-au/exp-consensus-algorithms-au/experiment/simulation/js/index-DCIjuAKs.js
    1:1137    warning  'global' is not defined                                                    no-undef
   17:4180    warning  'process' is not defined                                                   no-undef
   17:4206    warning  'process' is not defined                                                   no-undef
   25:991     warning  'setImmediate' is not defined                                              no-undef
   25:1824    warning  Unreachable code                                                           no-unreachable
   33:3442    warning  '__REACT_DEVTOOLS_GLOBAL_HOOK__' is not defined                            no-undef
   33:3499    warning  '__REACT_DEVTOOLS_GLOBAL_HOOK__' is not defined                            no-undef
   41:3147    warning  Empty block statement                                                      no-empty
   41:4604    warning  Empty block statement                                                      no-empty
   41:8271    warning  Expected a conditional expression and instead saw an assignment            no-cond-assign
   41:8371    warning  Expected a conditional expression and instead saw an assignment            no-cond-assign
   41:8454    warning  Expected a conditional expression and instead saw an assignment            no-cond-assign
   41:8903    warning  Unexpected combined character in character class                           no-misleading-character-class
   46:207     warning  Expected a conditional expression and instead saw an assignment            no-cond-assign
   48:391     warning  Do not access Object.prototype method 'hasOwnProperty' from target object  no-prototype-builtins
   48:2563    warning  Do not access Object.prototype method 'hasOwnProperty' from target object  no-prototype-builtins
   48:4674    warning  Do not access Object.prototype method 'hasOwnProperty' from target object  no-prototype-builtins
   48:4704    warning  Do not access Object.prototype method 'hasOwnProperty' from target object  no-prototype-builtins
   48:4823    warning  Do not access Object.prototype method 'hasOwnProperty' from target object  no-prototype-builtins
   48:4884    warning  Do not access Object.prototype method 'hasOwnProperty' from target object  no-prototype-builtins
   48:7847    warning  Unexpected control character(s) in regular expression: \x00, \x1f          no-control-regex
   48:9875    warning  Expected to return a value in method 'get'                                 getter-return
   48:10565   warning  Do not access Object.prototype method 'hasOwnProperty' from target object  no-prototype-builtins
   48:10907   warning  Invalid typeof comparison value                                            valid-typeof
   48:11081   warning  Invalid typeof comparison value                                            valid-typeof
   48:12946   warning  Expected a conditional expression and instead saw an assignment            no-cond-assign
   48:19265   warning  Do not access Object.prototype method 'hasOwnProperty' from target object  no-prototype-builtins
   48:32888   warning  Expected a 'break' statement before 'case'                                 no-fallthrough
   48:33384   warning  Unexpected constant condition                                              no-constant-condition
   48:45018   warning  Empty block statement                                                      no-empty
   48:45027   warning  Empty block statement                                                      no-empty
   48:56064   warning  Empty block statement                                                      no-empty
   48:58071   warning  Expected a conditional expression and instead saw an assignment            no-cond-assign
   48:58528   warning  'process' is not defined                                                   no-undef
   48:58554   warning  'process' is not defined                                                   no-undef
   48:64836   warning  Expected a conditional expression and instead saw an assignment            no-cond-assign
   48:65974   warning  Expected a conditional expression and instead saw an assignment            no-cond-assign
   48:67689   warning  Expected a conditional expression and instead saw an assignment            no-cond-assign
   48:74517   warning  Expected a conditional expression and instead saw an assignment            no-cond-assign
   48:79542   warning  Unnecessary escape character: \/                                           no-useless-escape
   48:89525   warning  Expected a 'break' statement before 'case'                                 no-fallthrough
   48:90443   warning  Empty block statement                                                      no-empty
   48:90722   warning  Expected a 'break' statement before 'case'                                 no-fallthrough
   48:93758   warning  Expected a conditional expression and instead saw an assignment            no-cond-assign
   48:96062   warning  Do not access Object.prototype method 'hasOwnProperty' from target object  no-prototype-builtins
   48:97780   warning  Expected a 'break' statement before 'case'                                 no-fallthrough
   48:98461   warning  Expected a 'break' statement before 'case'                                 no-fallthrough
   48:104081  warning  Expected a 'break' statement before 'case'                                 no-fallthrough
   48:104397  warning  Unexpected constant condition                                              no-constant-condition
   48:106747  warning  Unexpected constant condition                                              no-constant-condition
   48:107372  warning  Expected a 'break' statement before 'case'                                 no-fallthrough
   48:107681  warning  Unexpected constant condition                                              no-constant-condition
   48:108081  warning  Expected a 'break' statement before 'default'                              no-fallthrough
   48:110625  warning  Expected a conditional expression and instead saw an assignment            no-cond-assign
   48:111448  warning  Empty block statement                                                      no-empty
   48:111827  warning  'e' is defined but never used                                              no-unused-vars
   48:112194  warning  Empty block statement                                                      no-empty
   48:113662  warning  'n' is defined but never used                                              no-unused-vars
   48:115977  warning  Expected a conditional expression and instead saw an assignment            no-cond-assign
   48:119774  warning  Expected a 'break' statement before 'case'                                 no-fallthrough
   48:119967  warning  Expected a 'break' statement before 'case'                                 no-fallthrough
   48:121245  warning  Expected a conditional expression and instead saw an assignment            no-cond-assign
   48:122892  warning  Expected a 'break' statement before 'case'                                 no-fallthrough
   48:124467  warning  Unexpected control character(s) in regular expression: \x00                no-control-regex
   49:491     warning  Expected a 'break' statement before 'case'                                 no-fallthrough
   49:5093    warning  Do not access Object.prototype method 'hasOwnProperty' from target object  no-prototype-builtins
   49:5665    warning  Do not access Object.prototype method 'hasOwnProperty' from target object  no-prototype-builtins
   49:6006    warning  Do not access Object.prototype method 'hasOwnProperty' from target object  no-prototype-builtins
   49:6421    warning  Do not access Object.prototype method 'hasOwnProperty' from target object  no-prototype-builtins
   49:6537    warning  Expected a 'break' statement before 'default'                              no-fallthrough
   49:6699    warning  Do not access Object.prototype method 'hasOwnProperty' from target object  no-prototype-builtins
   49:6969    warning  Do not access Object.prototype method 'hasOwnProperty' from target object  no-prototype-builtins
   49:7467    warning  Expected a 'break' statement before 'case'                                 no-fallthrough
   49:7607    warning  Do not access Object.prototype method 'hasOwnProperty' from target object  no-prototype-builtins
   49:7790    warning  Do not access Object.prototype method 'hasOwnProperty' from target object  no-prototype-builtins
   49:7875    warning  Do not access Object.prototype method 'hasOwnProperty' from target object  no-prototype-builtins
   49:8142    warning  Do not access Object.prototype method 'hasOwnProperty' from target object  no-prototype-builtins
   49:8245    warning  Expected a 'break' statement before 'default'                              no-fallthrough
   49:8255    warning  Do not access Object.prototype method 'hasOwnProperty' from target object  no-prototype-builtins
   49:8341    warning  Do not access Object.prototype method 'hasOwnProperty' from target object  no-prototype-builtins
   49:8753    warning  Do not access Object.prototype method 'hasOwnProperty' from target object  no-prototype-builtins
   49:8830    warning  Expected a 'break' statement before 'default'                              no-fallthrough
   49:8840    warning  Do not access Object.prototype method 'hasOwnProperty' from target object  no-prototype-builtins
   49:8910    warning  Do not access Object.prototype method 'hasOwnProperty' from target object  no-prototype-builtins
   49:9030    warning  Expected a 'break' statement before 'default'                              no-fallthrough
   49:9213    warning  Do not access Object.prototype method 'hasOwnProperty' from target object  no-prototype-builtins
   49:9244    warning  Do not access Object.prototype method 'hasOwnProperty' from target object  no-prototype-builtins
   49:9368    warning  Do not access Object.prototype method 'hasOwnProperty' from target object  no-prototype-builtins
   49:9649    warning  Do not access Object.prototype method 'hasOwnProperty' from target object  no-prototype-builtins
   49:9682    warning  Do not access Object.prototype method 'hasOwnProperty' from target object  no-prototype-builtins
   49:9811    warning  Do not access Object.prototype method 'hasOwnProperty' from target object  no-prototype-builtins
   49:10181   warning  Do not access Object.prototype method 'hasOwnProperty' from target object  no-prototype-builtins
   49:10214   warning  Do not access Object.prototype method 'hasOwnProperty' from target object  no-prototype-builtins
   49:10290   warning  Do not access Object.prototype method 'hasOwnProperty' from target object  no-prototype-builtins
   49:10515   warning  Do not access Object.prototype method 'hasOwnProperty' from target object  no-prototype-builtins
   49:10551   warning  Do not access Object.prototype method 'hasOwnProperty' from target object  no-prototype-builtins
   49:10627   warning  Do not access Object.prototype method 'hasOwnProperty' from target object  no-prototype-builtins
   49:10736   warning  Do not access Object.prototype method 'hasOwnProperty' from target object  no-prototype-builtins
   49:10769   warning  Do not access Object.prototype method 'hasOwnProperty' from target object  no-prototype-builtins
   49:10843   warning  Do not access Object.prototype method 'hasOwnProperty' from target object  no-prototype-builtins
   49:17203   warning  Expected a conditional expression and instead saw an assignment            no-cond-assign
   49:18286   warning  Expected a conditional expression and instead saw an assignment            no-cond-assign
   49:20821   warning  Expected a conditional expression and instead saw an assignment            no-cond-assign
   49:33317   warning  '__REACT_DEVTOOLS_GLOBAL_HOOK__' is not defined                            no-undef
   49:33416   warning  Empty block statement                                                      no-empty
   49:34732   warning  '__REACT_DEVTOOLS_GLOBAL_HOOK__' is not defined                            no-undef
   49:34789   warning  '__REACT_DEVTOOLS_GLOBAL_HOOK__' is not defined                            no-undef
   57:1334    warning  'a' is defined but never used                                              no-unused-vars
   57:4113    warning  'o' is defined but never used                                              no-unused-vars
   57:6677    warning  Unexpected lexical declaration in case block                               no-case-declarations
   57:12868   warning  'Y1' is a function                                                         no-func-assign
   57:14193   warning  Empty block statement                                                      no-empty
   57:14698   warning  Expected a conditional expression and instead saw an assignment            no-cond-assign
   57:16711   warning  Expected a 'break' statement before 'case'                                 no-fallthrough
   57:16947   warning  Expected a 'break' statement before 'case'                                 no-fallthrough
   57:17003   warning  Expected a 'break' statement before 'case'                                 no-fallthrough
   57:17132   warning  Expected a 'break' statement before 'default'                              no-fallthrough
   57:17454   warning  Expected a 'break' statement before 'default'                              no-fallthrough
   57:18240   warning  Expected a 'break' statement before 'case'                                 no-fallthrough
   57:19033   warning  Expected a 'break' statement before 'default'                              no-fallthrough
   57:19059   warning  Expected a conditional expression and instead saw an assignment            no-cond-assign
   57:21127   warning  Expected a 'break' statement before 'case'                                 no-fallthrough
   57:21337   warning  Expected a 'break' statement before 'case'                                 no-fallthrough
   64:3233    warning  Empty block statement                                                      no-empty
   64:4026    warning  Expected a 'break' statement before 'case'                                 no-fallthrough
   64:4063    warning  Expected a 'break' statement before 'case'                                 no-fallthrough
   72:7732    warning  's' is defined but never used                                              no-unused-vars
   72:18830   warning  'd' is assigned a value but never used                                     no-unused-vars
   72:20877   warning  't' is defined but never used                                              no-unused-vars
   72:20879   warning  'a' is defined but never used                                              no-unused-vars
   72:23007   warning  'a' is defined but never used                                              no-unused-vars
   72:24074   warning  'o' is defined but never used                                              no-unused-vars
   72:24312   warning  'o' is defined but never used                                              no-unused-vars
   72:24641   warning  'o' is defined but never used                                              no-unused-vars
   72:24748   warning  'o' is defined but never used                                              no-unused-vars
   72:27011   warning  'p' is assigned a value but never used                                     no-unused-vars
   72:36144   warning  Do not access Object.prototype method 'hasOwnProperty' from target object  no-prototype-builtins
   72:36307   warning  Do not access Object.prototype method 'hasOwnProperty' from target object  no-prototype-builtins
   72:37732   warning  Do not access Object.prototype method 'hasOwnProperty' from target object  no-prototype-builtins
   72:41608   warning  'v' is assigned a value but never used                                     no-unused-vars
   79:797     warning  'o' is assigned a value but never used                                     no-unused-vars
   79:819     warning  'c' is assigned a value but never used                                     no-unused-vars
   79:873     warning  'm' is assigned a value but never used                                     no-unused-vars
   79:3373    warning  Empty block statement                                                      no-empty
   79:16746   warning  'a' is defined but never used                                              no-unused-vars
   79:17234   warning  's' is assigned a value but never used                                     no-unused-vars
   79:17242   warning  'c' is assigned a value but never used                                     no-unused-vars
   79:18934   warning  'h2' is a function                                                         no-func-assign
   79:29431   warning  'tt' is defined but never used                                             no-unused-vars
   79:33305   warning  Empty block statement                                                      no-empty
  152:3221    warning  'C' is assigned a value but never used                                     no-unused-vars
  152:5418    warning  Do not access Object.prototype method 'hasOwnProperty' from target object  no-prototype-builtins
  179:14305   warning  Do not access Object.prototype method 'hasOwnProperty' from target object  no-prototype-builtins
  179:18457   warning  Do not access Object.prototype method 'hasOwnProperty' from target object  no-prototype-builtins
  179:18481   warning  Do not access Object.prototype method 'hasOwnProperty' from target object  no-prototype-builtins
  179:18675   warning  'j' is assigned to itself                                                  no-self-assign
  179:34232   warning  'T' is assigned a value but never used                                     no-unused-vars
  181:4689    warning  'm' is assigned a value but never used                                     no-unused-vars
  181:4806    warning  'T' is assigned a value but never used                                     no-unused-vars
  181:4887    warning  'N' is assigned a value but never used                                     no-unused-vars
  181:5045    warning  'H' is assigned a value but never used                                     no-unused-vars
  181:5216    warning  'Xt' is defined but never used                                             no-unused-vars
  181:11607   warning  '$' is defined but never used                                              no-unused-vars
  181:28326   warning  Do not access Object.prototype method 'hasOwnProperty' from target object  no-prototype-builtins
  181:30561   warning  'h' is assigned a value but never used                                     no-unused-vars
  181:30856   warning  'j' is assigned a value but never used                                     no-unused-vars
  181:30876   warning  'Y' is assigned a value but never used                                     no-unused-vars
  181:30897   warning  'P' is assigned a value but never used                                     no-unused-vars
  181:30938   warning  'U' is assigned a value but never used                                     no-unused-vars
  181:38878   warning  'c' is assigned a value but never used                                     no-unused-vars
  181:47529   warning  'm' is assigned a value but never used                                     no-unused-vars
  181:51084   warning  'p' is assigned a value but never used                                     no-unused-vars
  181:51092   warning  'm' is assigned a value but never used                                     no-unused-vars
  181:51101   warning  'v' is assigned a value but never used                                     no-unused-vars
  181:51111   warning  'b' is assigned a value but never used                                     no-unused-vars
  181:51120   warning  'A' is assigned a value but never used                                     no-unused-vars
  181:51131   warning  'E' is assigned a value but never used                                     no-unused-vars
  181:51141   warning  'C' is assigned a value but never used                                     no-unused-vars
  181:52885   warning  'h' is assigned a value but never used                                     no-unused-vars
  181:52916   warning  'm' is assigned a value but never used                                     no-unused-vars
  181:52924   warning  'v' is assigned a value but never used                                     no-unused-vars
  181:52933   warning  'b' is assigned a value but never used                                     no-unused-vars
  181:52943   warning  'A' is assigned a value but never used                                     no-unused-vars
  181:52954   warning  'E' is assigned a value but never used                                     no-unused-vars
  181:55276   warning  'K' is defined but never used                                              no-unused-vars
  181:61936   warning  'd' is assigned a value but never used                                     no-unused-vars
  181:61955   warning  'p' is assigned a value but never used                                     no-unused-vars
  232:21781   warning  'a' is assigned a value but never used                                     no-unused-vars
  232:21791   warning  'o' is assigned a value but never used                                     no-unused-vars
  232:27439   warning  '$' is assigned a value but never used                                     no-unused-vars
  232:32170   warning  'K' is assigned a value but never used                                     no-unused-vars
  232:49094   warning  'N' is assigned a value but never used                                     no-unused-vars
  232:49105   warning  'j' is assigned a value but never used                                     no-unused-vars
  232:49125   warning  'Y' is assigned a value but never used                                     no-unused-vars
  232:49234   warning  '$' is assigned a value but never used                                     no-unused-vars
  232:49259   warning  'B' is assigned a value but never used                                     no-unused-vars
  232:57225   warning  'h' is assigned a value but never used                                     no-unused-vars
  232:81830   warning  'c' is defined but never used                                              no-unused-vars
  232:89639   warning  Empty block statement                                                      no-empty
  232:89732   warning  Expected a conditional expression and instead saw an assignment            no-cond-assign
  232:91775   warning  'M' is assigned a value but never used                                     no-unused-vars
  232:94095   warning  Do not access Object.prototype method 'hasOwnProperty' from target object  no-prototype-builtins
  232:96327   warning  'O' is defined but never used                                              no-unused-vars
  232:96385   warning  'O' is defined but never used                                              no-unused-vars
  232:105994  warning  'h' is defined but never used                                              no-unused-vars
  232:111542  warning  Do not access Object.prototype method 'hasOwnProperty' from target object  no-prototype-builtins
  232:116416  warning  'B' is defined but never used                                              no-unused-vars
  232:125609  warning  'B' is defined but never used                                              no-unused-vars
  232:141971  warning  'v' is defined but never used                                              no-unused-vars
  232:146892  warning  'lt' is defined but never used                                             no-unused-vars
  232:172864  warning  'T' is defined but never used                                              no-unused-vars
  232:173065  warning  Redundant double negation                                                  no-extra-boolean-cast
  232:175914  warning  Do not access Object.prototype method 'hasOwnProperty' from target object  no-prototype-builtins
  232:200812  warning  Unexpected lexical declaration in case block                               no-case-declarations
  232:203106  warning  Unexpected lexical declaration in case block                               no-case-declarations
  232:203154  warning  Unexpected lexical declaration in case block                               no-case-declarations
  232:204747  warning  Expected a conditional expression and instead saw an assignment            no-cond-assign
  232:205117  warning  Unexpected lexical declaration in case block                               no-case-declarations
  232:207387  warning  Unexpected lexical declaration in case block                               no-case-declarations
  232:207416  warning  Unexpected lexical declaration in case block                               no-case-declarations
  233:15364   warning  'k' is defined but never used                                              no-unused-vars
  241:2576    warning  Empty block statement                                                      no-empty
  241:5901    warning  Empty block statement                                                      no-empty
  246:207     warning  Expected a conditional expression and instead saw an assignment            no-cond-assign
  248:4251    warning  'r' is defined but never used                                              no-unused-vars
  248:11084   warning  Expected a 'break' statement before 'case'                                 no-fallthrough
  248:11593   warning  Unexpected constant condition                                              no-constant-condition
  248:22845   warning  Empty block statement                                                      no-empty
  248:22854   warning  Empty block statement                                                      no-empty
  248:30242   warning  Empty block statement                                                      no-empty
  248:31707   warning  Expected a conditional expression and instead saw an assignment            no-cond-assign
  248:37970   warning  Expected a conditional expression and instead saw an assignment            no-cond-assign
  248:39118   warning  Expected a conditional expression and instead saw an assignment            no-cond-assign
  248:47395   warning  Expected a conditional expression and instead saw an assignment            no-cond-assign
  248:47588   warning  Expected a 'break' statement before 'case'                                 no-fallthrough
  248:47809   warning  Expected a 'break' statement before 'case'                                 no-fallthrough
  248:53551   warning  Expected a 'break' statement before 'case'                                 no-fallthrough
  248:53823   warning  Expected a 'break' statement before 'case'                                 no-fallthrough
  248:62010   warning  Expected a 'break' statement before 'case'                                 no-fallthrough
  248:62910   warning  Empty block statement                                                      no-empty
  248:63034   warning  Expected a 'break' statement before 'case'                                 no-fallthrough
  248:63152   warning  Expected a 'break' statement before 'case'                                 no-fallthrough
  248:63171   warning  Expected a 'break' statement before 'case'                                 no-fallthrough
  248:64544   warning  Expected a 'break' statement before 'case'                                 no-fallthrough
  248:65683   warning  Expected a 'break' statement before 'case'                                 no-fallthrough
  248:65809   warning  Expected a 'break' statement before 'case'                                 no-fallthrough
  248:68143   warning  Expected a 'break' statement before 'case'                                 no-fallthrough
  248:68892   warning  Expected a 'break' statement before 'case'                                 no-fallthrough
  248:69581   warning  Expected a 'break' statement before 'case'                                 no-fallthrough
  248:76629   warning  Expected a 'break' statement before 'case'                                 no-fallthrough
  248:76944   warning  Unexpected constant condition                                              no-constant-condition
  248:79403   warning  Unexpected constant condition                                              no-constant-condition
  248:80032   warning  Expected a 'break' statement before 'case'                                 no-fallthrough
  248:80384   warning  Unexpected constant condition                                              no-constant-condition
  248:80786   warning  Expected a 'break' statement before 'default'                              no-fallthrough
  248:83057   warning  Empty block statement                                                      no-empty
  248:83450   warning  'i' is defined but never used                                              no-unused-vars
  248:83834   warning  Empty block statement                                                      no-empty
  248:100015  warning  'process' is not defined                                                   no-undef
  248:100041  warning  'process' is not defined                                                   no-undef
  252:438     warning  '__REACT_DEVTOOLS_GLOBAL_HOOK__' is not defined                            no-undef
  252:542     warning  Empty block statement                                                      no-empty
  267:400     warning  Do not access Object.prototype method 'hasOwnProperty' from target object  no-prototype-builtins
  267:493     warning  'd' is already defined                                                     no-redeclare
  267:515     warning  'h' is already defined                                                     no-redeclare
  267:564     warning  'm' is already defined                                                     no-redeclare
  267:784     warning  'm' is already defined                                                     no-redeclare
  267:1175    warning  'o' is defined but never used                                              no-unused-vars
  267:1684    warning  'a' is defined but never used                                              no-unused-vars
  267:1686    warning  'o' is defined but never used                                              no-unused-vars
  267:1796    warning  't' is defined but never used                                              no-unused-vars
  267:1798    warning  'a' is defined but never used                                              no-unused-vars
  267:1800    warning  'o' is defined but never used                                              no-unused-vars
  267:1900    warning  't' is defined but never used                                              no-unused-vars
  267:1902    warning  'a' is defined but never used                                              no-unused-vars
  267:1904    warning  'o' is defined but never used                                              no-unused-vars
  267:1906    warning  's' is defined but never used                                              no-unused-vars
  267:1946    warning  't' is defined but never used                                              no-unused-vars
  267:1962    warning  't' is defined but never used                                              no-unused-vars
  267:1964    warning  'a' is defined but never used                                              no-unused-vars
  267:2096    warning  't' is defined but never used                                              no-unused-vars
  267:2098    warning  'a' is defined but never used                                              no-unused-vars
  267:2577    warning  't' is defined but never used                                              no-unused-vars
  267:2579    warning  'a' is defined but never used                                              no-unused-vars
  267:2581    warning  'o' is defined but never used                                              no-unused-vars
  267:2658    warning  't' is defined but never used                                              no-unused-vars
  267:2730    warning  't' is defined but never used                                              no-unused-vars
  267:2732    warning  'a' is defined but never used                                              no-unused-vars
  267:2748    warning  't' is defined but never used                                              no-unused-vars
  267:7455    warning  'a' is defined but never used                                              no-unused-vars
  270:8620    warning  'te' is defined but never used                                             no-unused-vars

/home/runner/work/exp-consensus-algorithms-au/exp-consensus-algorithms-au/experiment/simulation/js/index-DSVF7hzQ.js
    1:1137    warning  'global' is not defined                                                    no-undef
   17:4180    warning  'process' is not defined                                                   no-undef
   17:4206    warning  'process' is not defined                                                   no-undef
   25:991     warning  'setImmediate' is not defined                                              no-undef
   25:1824    warning  Unreachable code                                                           no-unreachable
   33:3442    warning  '__REACT_DEVTOOLS_GLOBAL_HOOK__' is not defined                            no-undef
   33:3499    warning  '__REACT_DEVTOOLS_GLOBAL_HOOK__' is not defined                            no-undef
   41:3147    warning  Empty block statement                                                      no-empty
   41:4604    warning  Empty block statement                                                      no-empty
   41:8271    warning  Expected a conditional expression and instead saw an assignment            no-cond-assign
   41:8371    warning  Expected a conditional expression and instead saw an assignment            no-cond-assign
   41:8454    warning  Expected a conditional expression and instead saw an assignment            no-cond-assign
   41:8903    warning  Unexpected combined character in character class                           no-misleading-character-class
   46:207     warning  Expected a conditional expression and instead saw an assignment            no-cond-assign
   48:391     warning  Do not access Object.prototype method 'hasOwnProperty' from target object  no-prototype-builtins
   48:2563    warning  Do not access Object.prototype method 'hasOwnProperty' from target object  no-prototype-builtins
   48:4674    warning  Do not access Object.prototype method 'hasOwnProperty' from target object  no-prototype-builtins
   48:4704    warning  Do not access Object.prototype method 'hasOwnProperty' from target object  no-prototype-builtins
   48:4823    warning  Do not access Object.prototype method 'hasOwnProperty' from target object  no-prototype-builtins
   48:4884    warning  Do not access Object.prototype method 'hasOwnProperty' from target object  no-prototype-builtins
   48:7847    warning  Unexpected control character(s) in regular expression: \x00, \x1f          no-control-regex
   48:9875    warning  Expected to return a value in method 'get'                                 getter-return
   48:10565   warning  Do not access Object.prototype method 'hasOwnProperty' from target object  no-prototype-builtins
   48:10907   warning  Invalid typeof comparison value                                            valid-typeof
   48:11081   warning  Invalid typeof comparison value                                            valid-typeof
   48:12946   warning  Expected a conditional expression and instead saw an assignment            no-cond-assign
   48:19265   warning  Do not access Object.prototype method 'hasOwnProperty' from target object  no-prototype-builtins
   48:32888   warning  Expected a 'break' statement before 'case'                                 no-fallthrough
   48:33384   warning  Unexpected constant condition                                              no-constant-condition
   48:45018   warning  Empty block statement                                                      no-empty
   48:45027   warning  Empty block statement                                                      no-empty
   48:56064   warning  Empty block statement                                                      no-empty
   48:58071   warning  Expected a conditional expression and instead saw an assignment            no-cond-assign
   48:58528   warning  'process' is not defined                                                   no-undef
   48:58554   warning  'process' is not defined                                                   no-undef
   48:64836   warning  Expected a conditional expression and instead saw an assignment            no-cond-assign
   48:65974   warning  Expected a conditional expression and instead saw an assignment            no-cond-assign
   48:67689   warning  Expected a conditional expression and instead saw an assignment            no-cond-assign
   48:74517   warning  Expected a conditional expression and instead saw an assignment            no-cond-assign
   48:79542   warning  Unnecessary escape character: \/                                           no-useless-escape
   48:89525   warning  Expected a 'break' statement before 'case'                                 no-fallthrough
   48:90443   warning  Empty block statement                                                      no-empty
   48:90722   warning  Expected a 'break' statement before 'case'                                 no-fallthrough
   48:93758   warning  Expected a conditional expression and instead saw an assignment            no-cond-assign
   48:96062   warning  Do not access Object.prototype method 'hasOwnProperty' from target object  no-prototype-builtins
   48:97780   warning  Expected a 'break' statement before 'case'                                 no-fallthrough
   48:98461   warning  Expected a 'break' statement before 'case'                                 no-fallthrough
   48:104081  warning  Expected a 'break' statement before 'case'                                 no-fallthrough
   48:104397  warning  Unexpected constant condition                                              no-constant-condition
   48:106747  warning  Unexpected constant condition                                              no-constant-condition
   48:107372  warning  Expected a 'break' statement before 'case'                                 no-fallthrough
   48:107681  warning  Unexpected constant condition                                              no-constant-condition
   48:108081  warning  Expected a 'break' statement before 'default'                              no-fallthrough
   48:110625  warning  Expected a conditional expression and instead saw an assignment            no-cond-assign
   48:111448  warning  Empty block statement                                                      no-empty
   48:111827  warning  'e' is defined but never used                                              no-unused-vars
   48:112194  warning  Empty block statement                                                      no-empty
   48:113662  warning  'n' is defined but never used                                              no-unused-vars
   48:115977  warning  Expected a conditional expression and instead saw an assignment            no-cond-assign
   48:119774  warning  Expected a 'break' statement before 'case'                                 no-fallthrough
   48:119967  warning  Expected a 'break' statement before 'case'                                 no-fallthrough
   48:121245  warning  Expected a conditional expression and instead saw an assignment            no-cond-assign
   48:122892  warning  Expected a 'break' statement before 'case'                                 no-fallthrough
   48:124467  warning  Unexpected control character(s) in regular expression: \x00                no-control-regex
   49:491     warning  Expected a 'break' statement before 'case'                                 no-fallthrough
   49:5093    warning  Do not access Object.prototype method 'hasOwnProperty' from target object  no-prototype-builtins
   49:5665    warning  Do not access Object.prototype method 'hasOwnProperty' from target object  no-prototype-builtins
   49:6006    warning  Do not access Object.prototype method 'hasOwnProperty' from target object  no-prototype-builtins
   49:6421    warning  Do not access Object.prototype method 'hasOwnProperty' from target object  no-prototype-builtins
   49:6537    warning  Expected a 'break' statement before 'default'                              no-fallthrough
   49:6699    warning  Do not access Object.prototype method 'hasOwnProperty' from target object  no-prototype-builtins
   49:6969    warning  Do not access Object.prototype method 'hasOwnProperty' from target object  no-prototype-builtins
   49:7467    warning  Expected a 'break' statement before 'case'                                 no-fallthrough
   49:7607    warning  Do not access Object.prototype method 'hasOwnProperty' from target object  no-prototype-builtins
   49:7790    warning  Do not access Object.prototype method 'hasOwnProperty' from target object  no-prototype-builtins
   49:7875    warning  Do not access Object.prototype method 'hasOwnProperty' from target object  no-prototype-builtins
   49:8142    warning  Do not access Object.prototype method 'hasOwnProperty' from target object  no-prototype-builtins
   49:8245    warning  Expected a 'break' statement before 'default'                              no-fallthrough
   49:8255    warning  Do not access Object.prototype method 'hasOwnProperty' from target object  no-prototype-builtins
   49:8341    warning  Do not access Object.prototype method 'hasOwnProperty' from target object  no-prototype-builtins
   49:8753    warning  Do not access Object.prototype method 'hasOwnProperty' from target object  no-prototype-builtins
   49:8830    warning  Expected a 'break' statement before 'default'                              no-fallthrough
   49:8840    warning  Do not access Object.prototype method 'hasOwnProperty' from target object  no-prototype-builtins
   49:8910    warning  Do not access Object.prototype method 'hasOwnProperty' from target object  no-prototype-builtins
   49:9030    warning  Expected a 'break' statement before 'default'                              no-fallthrough
   49:9213    warning  Do not access Object.prototype method 'hasOwnProperty' from target object  no-prototype-builtins
   49:9244    warning  Do not access Object.prototype method 'hasOwnProperty' from target object  no-prototype-builtins
   49:9368    warning  Do not access Object.prototype method 'hasOwnProperty' from target object  no-prototype-builtins
   49:9649    warning  Do not access Object.prototype method 'hasOwnProperty' from target object  no-prototype-builtins
   49:9682    warning  Do not access Object.prototype method 'hasOwnProperty' from target object  no-prototype-builtins
   49:9811    warning  Do not access Object.prototype method 'hasOwnProperty' from target object  no-prototype-builtins
   49:10181   warning  Do not access Object.prototype method 'hasOwnProperty' from target object  no-prototype-builtins
   49:10214   warning  Do not access Object.prototype method 'hasOwnProperty' from target object  no-prototype-builtins
   49:10290   warning  Do not access Object.prototype method 'hasOwnProperty' from target object  no-prototype-builtins
   49:10515   warning  Do not access Object.prototype method 'hasOwnProperty' from target object  no-prototype-builtins
   49:10551   warning  Do not access Object.prototype method 'hasOwnProperty' from target object  no-prototype-builtins
   49:10627   warning  Do not access Object.prototype method 'hasOwnProperty' from target object  no-prototype-builtins
   49:10736   warning  Do not access Object.prototype method 'hasOwnProperty' from target object  no-prototype-builtins
   49:10769   warning  Do not access Object.prototype method 'hasOwnProperty' from target object  no-prototype-builtins
   49:10843   warning  Do not access Object.prototype method 'hasOwnProperty' from target object  no-prototype-builtins
   49:17203   warning  Expected a conditional expression and instead saw an assignment            no-cond-assign
   49:18286   warning  Expected a conditional expression and instead saw an assignment            no-cond-assign
   49:20821   warning  Expected a conditional expression and instead saw an assignment            no-cond-assign
   49:33317   warning  '__REACT_DEVTOOLS_GLOBAL_HOOK__' is not defined                            no-undef
   49:33416   warning  Empty block statement                                                      no-empty
   49:34732   warning  '__REACT_DEVTOOLS_GLOBAL_HOOK__' is not defined                            no-undef
   49:34789   warning  '__REACT_DEVTOOLS_GLOBAL_HOOK__' is not defined                            no-undef
   57:1334    warning  'a' is defined but never used                                              no-unused-vars
   57:4113    warning  'o' is defined but never used                                              no-unused-vars
   57:6643    warning  Unexpected lexical declaration in case block                               no-case-declarations
   57:12250   warning  'q1' is a function                                                         no-func-assign
   57:13575   warning  Empty block statement                                                      no-empty
   57:14080   warning  Expected a conditional expression and instead saw an assignment            no-cond-assign
   57:16093   warning  Expected a 'break' statement before 'case'                                 no-fallthrough
   57:16329   warning  Expected a 'break' statement before 'case'                                 no-fallthrough
   57:16385   warning  Expected a 'break' statement before 'case'                                 no-fallthrough
   57:16514   warning  Expected a 'break' statement before 'default'                              no-fallthrough
   57:16836   warning  Expected a 'break' statement before 'default'                              no-fallthrough
   57:17622   warning  Expected a 'break' statement before 'case'                                 no-fallthrough
   57:18415   warning  Expected a 'break' statement before 'default'                              no-fallthrough
   57:18441   warning  Expected a conditional expression and instead saw an assignment            no-cond-assign
   57:20509   warning  Expected a 'break' statement before 'case'                                 no-fallthrough
   57:20719   warning  Expected a 'break' statement before 'case'                                 no-fallthrough
   64:3233    warning  Empty block statement                                                      no-empty
   64:4026    warning  Expected a 'break' statement before 'case'                                 no-fallthrough
   64:4063    warning  Expected a 'break' statement before 'case'                                 no-fallthrough
   72:7732    warning  's' is defined but never used                                              no-unused-vars
   72:18830   warning  'd' is assigned a value but never used                                     no-unused-vars
   72:20877   warning  't' is defined but never used                                              no-unused-vars
   72:20879   warning  'a' is defined but never used                                              no-unused-vars
   72:23007   warning  'a' is defined but never used                                              no-unused-vars
   72:24074   warning  'o' is defined but never used                                              no-unused-vars
   72:24312   warning  'o' is defined but never used                                              no-unused-vars
   72:24641   warning  'o' is defined but never used                                              no-unused-vars
   72:24748   warning  'o' is defined but never used                                              no-unused-vars
   72:27011   warning  'p' is assigned a value but never used                                     no-unused-vars
   72:36144   warning  Do not access Object.prototype method 'hasOwnProperty' from target object  no-prototype-builtins
   72:36307   warning  Do not access Object.prototype method 'hasOwnProperty' from target object  no-prototype-builtins
   72:37732   warning  Do not access Object.prototype method 'hasOwnProperty' from target object  no-prototype-builtins
   72:41608   warning  'v' is assigned a value but never used                                     no-unused-vars
   79:797     warning  'o' is assigned a value but never used                                     no-unused-vars
   79:819     warning  'c' is assigned a value but never used                                     no-unused-vars
   79:873     warning  'm' is assigned a value but never used                                     no-unused-vars
   79:3373    warning  Empty block statement                                                      no-empty
   79:16746   warning  'a' is defined but never used                                              no-unused-vars
   79:17234   warning  's' is assigned a value but never used                                     no-unused-vars
   79:17242   warning  'c' is assigned a value but never used                                     no-unused-vars
   79:18934   warning  'd2' is a function                                                         no-func-assign
   79:29431   warning  'et' is defined but never used                                             no-unused-vars
   79:33305   warning  Empty block statement                                                      no-empty
  152:3221    warning  'x' is assigned a value but never used                                     no-unused-vars
  152:5418    warning  Do not access Object.prototype method 'hasOwnProperty' from target object  no-prototype-builtins
  179:14305   warning  Do not access Object.prototype method 'hasOwnProperty' from target object  no-prototype-builtins
  179:18453   warning  Do not access Object.prototype method 'hasOwnProperty' from target object  no-prototype-builtins
  179:18477   warning  Do not access Object.prototype method 'hasOwnProperty' from target object  no-prototype-builtins
  179:18671   warning  'j' is assigned to itself                                                  no-self-assign
  179:34224   warning  'T' is assigned a value but never used                                     no-unused-vars
  181:4689    warning  'm' is assigned a value but never used                                     no-unused-vars
  181:4806    warning  'T' is assigned a value but never used                                     no-unused-vars
  181:4887    warning  'N' is assigned a value but never used                                     no-unused-vars
  181:5045    warning  'L' is assigned a value but never used                                     no-unused-vars
  181:5216    warning  'Xt' is defined but never used                                             no-unused-vars
  181:11607   warning  'I' is defined but never used                                              no-unused-vars
  181:28326   warning  Do not access Object.prototype method 'hasOwnProperty' from target object  no-prototype-builtins
  181:30561   warning  'h' is assigned a value but never used                                     no-unused-vars
  181:30856   warning  'j' is assigned a value but never used                                     no-unused-vars
  181:30876   warning  'P' is assigned a value but never used                                     no-unused-vars
  181:30897   warning  'G' is assigned a value but never used                                     no-unused-vars
  181:30938   warning  'U' is assigned a value but never used                                     no-unused-vars
  181:40278   warning  'm' is assigned a value but never used                                     no-unused-vars
  181:43833   warning  'p' is assigned a value but never used                                     no-unused-vars
  181:43841   warning  'm' is assigned a value but never used                                     no-unused-vars
  181:43850   warning  'v' is assigned a value but never used                                     no-unused-vars
  181:43860   warning  'b' is assigned a value but never used                                     no-unused-vars
  181:43869   warning  'M' is assigned a value but never used                                     no-unused-vars
  181:43880   warning  'E' is assigned a value but never used                                     no-unused-vars
  181:43890   warning  'x' is assigned a value but never used                                     no-unused-vars
  181:45634   warning  'h' is assigned a value but never used                                     no-unused-vars
  181:45665   warning  'm' is assigned a value but never used                                     no-unused-vars
  181:45673   warning  'v' is assigned a value but never used                                     no-unused-vars
  181:45682   warning  'b' is assigned a value but never used                                     no-unused-vars
  181:45692   warning  'M' is assigned a value but never used                                     no-unused-vars
  181:45703   warning  'E' is assigned a value but never used                                     no-unused-vars
  181:48025   warning  'X' is defined but never used                                              no-unused-vars
  181:54685   warning  'd' is assigned a value but never used                                     no-unused-vars
  181:54704   warning  'p' is assigned a value but never used                                     no-unused-vars
  232:21781   warning  'a' is assigned a value but never used                                     no-unused-vars
  232:21791   warning  'o' is assigned a value but never used                                     no-unused-vars
  232:27439   warning  'I' is assigned a value but never used                                     no-unused-vars
  232:32170   warning  'X' is assigned a value but never used                                     no-unused-vars
  232:49094   warning  'N' is assigned a value but never used                                     no-unused-vars
  232:49105   warning  'j' is assigned a value but never used                                     no-unused-vars
  232:49125   warning  'P' is assigned a value but never used                                     no-unused-vars
  232:49234   warning  'I' is assigned a value but never used                                     no-unused-vars
  232:49259   warning  'B' is assigned a value but never used                                     no-unused-vars
  232:57225   warning  'h' is assigned a value but never used                                     no-unused-vars
  232:79835   warning  'c' is defined but never used                                              no-unused-vars
  232:87644   warning  Empty block statement                                                      no-empty
  232:87737   warning  Expected a conditional expression and instead saw an assignment            no-cond-assign
  232:89780   warning  'O' is assigned a value but never used                                     no-unused-vars
  232:92100   warning  Do not access Object.prototype method 'hasOwnProperty' from target object  no-prototype-builtins
  232:94332   warning  'A' is defined but never used                                              no-unused-vars
  232:94390   warning  'A' is defined but never used                                              no-unused-vars
  232:103999  warning  'h' is defined but never used                                              no-unused-vars
  232:109547  warning  Do not access Object.prototype method 'hasOwnProperty' from target object  no-prototype-builtins
  232:114421  warning  'B' is defined but never used                                              no-unused-vars
  232:123614  warning  'B' is defined but never used                                              no-unused-vars
  232:139976  warning  'v' is defined but never used                                              no-unused-vars
  232:144897  warning  'nt' is defined but never used                                             no-unused-vars
  232:170869  warning  'T' is defined but never used                                              no-unused-vars
  232:171070  warning  Redundant double negation                                                  no-extra-boolean-cast
  232:173919  warning  Do not access Object.prototype method 'hasOwnProperty' from target object  no-prototype-builtins
  232:198817  warning  Unexpected lexical declaration in case block                               no-case-declarations
  232:201111  warning  Unexpected lexical declaration in case block                               no-case-declarations
  232:201159  warning  Unexpected lexical declaration in case block                               no-case-declarations
  232:202752  warning  Expected a conditional expression and instead saw an assignment            no-cond-assign
  232:203122  warning  Unexpected lexical declaration in case block                               no-case-declarations
  232:205392  warning  Unexpected lexical declaration in case block                               no-case-declarations
  232:205421  warning  Unexpected lexical declaration in case block                               no-case-declarations
  233:15364   warning  'V' is defined but never used                                              no-unused-vars
  241:2576    warning  Empty block statement                                                      no-empty
  241:5901    warning  Empty block statement                                                      no-empty
  246:207     warning  Expected a conditional expression and instead saw an assignment            no-cond-assign
  248:4251    warning  'r' is defined but never used                                              no-unused-vars
  248:11084   warning  Expected a 'break' statement before 'case'                                 no-fallthrough
  248:11593   warning  Unexpected constant condition                                              no-constant-condition
  248:22845   warning  Empty block statement                                                      no-empty
  248:22854   warning  Empty block statement                                                      no-empty
  248:30242   warning  Empty block statement                                                      no-empty
  248:31707   warning  Expected a conditional expression and instead saw an assignment            no-cond-assign
  248:37970   warning  Expected a conditional expression and instead saw an assignment            no-cond-assign
  248:39118   warning  Expected a conditional expression and instead saw an assignment            no-cond-assign
  248:47395   warning  Expected a conditional expression and instead saw an assignment            no-cond-assign
  248:47588   warning  Expected a 'break' statement before 'case'                                 no-fallthrough
  248:47809   warning  Expected a 'break' statement before 'case'                                 no-fallthrough
  248:53551   warning  Expected a 'break' statement before 'case'                                 no-fallthrough
  248:53823   warning  Expected a 'break' statement before 'case'                                 no-fallthrough
  248:62010   warning  Expected a 'break' statement before 'case'                                 no-fallthrough
  248:62910   warning  Empty block statement                                                      no-empty
  248:63034   warning  Expected a 'break' statement before 'case'                                 no-fallthrough
  248:63152   warning  Expected a 'break' statement before 'case'                                 no-fallthrough
  248:63171   warning  Expected a 'break' statement before 'case'                                 no-fallthrough
  248:64544   warning  Expected a 'break' statement before 'case'                                 no-fallthrough
  248:65683   warning  Expected a 'break' statement before 'case'                                 no-fallthrough
  248:65809   warning  Expected a 'break' statement before 'case'                                 no-fallthrough
  248:68143   warning  Expected a 'break' statement before 'case'                                 no-fallthrough
  248:68892   warning  Expected a 'break' statement before 'case'                                 no-fallthrough
  248:69581   warning  Expected a 'break' statement before 'case'                                 no-fallthrough
  248:76629   warning  Expected a 'break' statement before 'case'                                 no-fallthrough
  248:76944   warning  Unexpected constant condition                                              no-constant-condition
  248:79403   warning  Unexpected constant condition                                              no-constant-condition
  248:80032   warning  Expected a 'break' statement before 'case'                                 no-fallthrough
  248:80384   warning  Unexpected constant condition                                              no-constant-condition
  248:80786   warning  Expected a 'break' statement before 'default'                              no-fallthrough
  248:83057   warning  Empty block statement                                                      no-empty
  248:83450   warning  'i' is defined but never used                                              no-unused-vars
  248:83834   warning  Empty block statement                                                      no-empty
  248:100015  warning  'process' is not defined                                                   no-undef
  248:100041  warning  'process' is not defined                                                   no-undef
  252:438     warning  '__REACT_DEVTOOLS_GLOBAL_HOOK__' is not defined                            no-undef
  252:542     warning  Empty block statement                                                      no-empty
  267:400     warning  Do not access Object.prototype method 'hasOwnProperty' from target object  no-prototype-builtins
  267:493     warning  'd' is already defined                                                     no-redeclare
  267:515     warning  'h' is already defined                                                     no-redeclare
  267:564     warning  'm' is already defined                                                     no-redeclare
  267:784     warning  'm' is already defined                                                     no-redeclare
  267:1175    warning  'o' is defined but never used                                              no-unused-vars
  267:1684    warning  'a' is defined but never used                                              no-unused-vars
  267:1686    warning  'o' is defined but never used                                              no-unused-vars
  267:1796    warning  't' is defined but never used                                              no-unused-vars
  267:1798    warning  'a' is defined but never used                                              no-unused-vars
  267:1800    warning  'o' is defined but never used                                              no-unused-vars
  267:1900    warning  't' is defined but never used                                              no-unused-vars
  267:1902    warning  'a' is defined but never used                                              no-unused-vars
  267:1904    warning  'o' is defined but never used                                              no-unused-vars
  267:1906    warning  's' is defined but never used                                              no-unused-vars
  267:1946    warning  't' is defined but never used                                              no-unused-vars
  267:1962    warning  't' is defined but never used                                              no-unused-vars
  267:1964    warning  'a' is defined but never used                                              no-unused-vars
  267:2096    warning  't' is defined but never used                                              no-unused-vars
  267:2098    warning  'a' is defined but never used                                              no-unused-vars
  267:2577    warning  't' is defined but never used                                              no-unused-vars
  267:2579    warning  'a' is defined but never used                                              no-unused-vars
  267:2581    warning  'o' is defined but never used                                              no-unused-vars
  267:2658    warning  't' is defined but never used                                              no-unused-vars
  267:2730    warning  't' is defined but never used                                              no-unused-vars
  267:2732    warning  'a' is defined but never used                                              no-unused-vars
  267:2748    warning  't' is defined but never used                                              no-unused-vars
  267:7455    warning  'a' is defined but never used                                              no-unused-vars
  270:8830    warning  'At' is defined but never used                                             no-unused-vars

/home/runner/work/exp-consensus-algorithms-au/exp-consensus-algorithms-au/experiment/simulation/js/index-E853Mb2U.js
    1:1137    warning  'global' is not defined                                                    no-undef
   17:4180    warning  'process' is not defined                                                   no-undef
   17:4206    warning  'process' is not defined                                                   no-undef
   25:991     warning  'setImmediate' is not defined                                              no-undef
   25:1824    warning  Unreachable code                                                           no-unreachable
   33:3442    warning  '__REACT_DEVTOOLS_GLOBAL_HOOK__' is not defined                            no-undef
   33:3499    warning  '__REACT_DEVTOOLS_GLOBAL_HOOK__' is not defined                            no-undef
   41:3147    warning  Empty block statement                                                      no-empty
   41:4604    warning  Empty block statement                                                      no-empty
   41:8271    warning  Expected a conditional expression and instead saw an assignment            no-cond-assign
   41:8371    warning  Expected a conditional expression and instead saw an assignment            no-cond-assign
   41:8454    warning  Expected a conditional expression and instead saw an assignment            no-cond-assign
   41:8903    warning  Unexpected combined character in character class                           no-misleading-character-class
   46:207     warning  Expected a conditional expression and instead saw an assignment            no-cond-assign
   48:391     warning  Do not access Object.prototype method 'hasOwnProperty' from target object  no-prototype-builtins
   48:2563    warning  Do not access Object.prototype method 'hasOwnProperty' from target object  no-prototype-builtins
   48:4674    warning  Do not access Object.prototype method 'hasOwnProperty' from target object  no-prototype-builtins
   48:4704    warning  Do not access Object.prototype method 'hasOwnProperty' from target object  no-prototype-builtins
   48:4823    warning  Do not access Object.prototype method 'hasOwnProperty' from target object  no-prototype-builtins
   48:4884    warning  Do not access Object.prototype method 'hasOwnProperty' from target object  no-prototype-builtins
   48:7847    warning  Unexpected control character(s) in regular expression: \x00, \x1f          no-control-regex
   48:9875    warning  Expected to return a value in method 'get'                                 getter-return
   48:10565   warning  Do not access Object.prototype method 'hasOwnProperty' from target object  no-prototype-builtins
   48:10907   warning  Invalid typeof comparison value                                            valid-typeof
   48:11081   warning  Invalid typeof comparison value                                            valid-typeof
   48:12946   warning  Expected a conditional expression and instead saw an assignment            no-cond-assign
   48:19265   warning  Do not access Object.prototype method 'hasOwnProperty' from target object  no-prototype-builtins
   48:32888   warning  Expected a 'break' statement before 'case'                                 no-fallthrough
   48:33384   warning  Unexpected constant condition                                              no-constant-condition
   48:45018   warning  Empty block statement                                                      no-empty
   48:45027   warning  Empty block statement                                                      no-empty
   48:56064   warning  Empty block statement                                                      no-empty
   48:58071   warning  Expected a conditional expression and instead saw an assignment            no-cond-assign
   48:58528   warning  'process' is not defined                                                   no-undef
   48:58554   warning  'process' is not defined                                                   no-undef
   48:64836   warning  Expected a conditional expression and instead saw an assignment            no-cond-assign
   48:65974   warning  Expected a conditional expression and instead saw an assignment            no-cond-assign
   48:67689   warning  Expected a conditional expression and instead saw an assignment            no-cond-assign
   48:74517   warning  Expected a conditional expression and instead saw an assignment            no-cond-assign
   48:79542   warning  Unnecessary escape character: \/                                           no-useless-escape
   48:89525   warning  Expected a 'break' statement before 'case'                                 no-fallthrough
   48:90443   warning  Empty block statement                                                      no-empty
   48:90722   warning  Expected a 'break' statement before 'case'                                 no-fallthrough
   48:93758   warning  Expected a conditional expression and instead saw an assignment            no-cond-assign
   48:96062   warning  Do not access Object.prototype method 'hasOwnProperty' from target object  no-prototype-builtins
   48:97780   warning  Expected a 'break' statement before 'case'                                 no-fallthrough
   48:98461   warning  Expected a 'break' statement before 'case'                                 no-fallthrough
   48:104081  warning  Expected a 'break' statement before 'case'                                 no-fallthrough
   48:104397  warning  Unexpected constant condition                                              no-constant-condition
   48:106747  warning  Unexpected constant condition                                              no-constant-condition
   48:107372  warning  Expected a 'break' statement before 'case'                                 no-fallthrough
   48:107681  warning  Unexpected constant condition                                              no-constant-condition
   48:108081  warning  Expected a 'break' statement before 'default'                              no-fallthrough
   48:110625  warning  Expected a conditional expression and instead saw an assignment            no-cond-assign
   48:111448  warning  Empty block statement                                                      no-empty
   48:111827  warning  'e' is defined but never used                                              no-unused-vars
   48:112194  warning  Empty block statement                                                      no-empty
   48:113662  warning  'n' is defined but never used                                              no-unused-vars
   48:115977  warning  Expected a conditional expression and instead saw an assignment            no-cond-assign
   48:119774  warning  Expected a 'break' statement before 'case'                                 no-fallthrough
   48:119967  warning  Expected a 'break' statement before 'case'                                 no-fallthrough
   48:121245  warning  Expected a conditional expression and instead saw an assignment            no-cond-assign
   48:122892  warning  Expected a 'break' statement before 'case'                                 no-fallthrough
   48:124467  warning  Unexpected control character(s) in regular expression: \x00                no-control-regex
   49:491     warning  Expected a 'break' statement before 'case'                                 no-fallthrough
   49:5093    warning  Do not access Object.prototype method 'hasOwnProperty' from target object  no-prototype-builtins
   49:5665    warning  Do not access Object.prototype method 'hasOwnProperty' from target object  no-prototype-builtins
   49:6006    warning  Do not access Object.prototype method 'hasOwnProperty' from target object  no-prototype-builtins
   49:6421    warning  Do not access Object.prototype method 'hasOwnProperty' from target object  no-prototype-builtins
   49:6537    warning  Expected a 'break' statement before 'default'                              no-fallthrough
   49:6699    warning  Do not access Object.prototype method 'hasOwnProperty' from target object  no-prototype-builtins
   49:6969    warning  Do not access Object.prototype method 'hasOwnProperty' from target object  no-prototype-builtins
   49:7467    warning  Expected a 'break' statement before 'case'                                 no-fallthrough
   49:7607    warning  Do not access Object.prototype method 'hasOwnProperty' from target object  no-prototype-builtins
   49:7790    warning  Do not access Object.prototype method 'hasOwnProperty' from target object  no-prototype-builtins
   49:7875    warning  Do not access Object.prototype method 'hasOwnProperty' from target object  no-prototype-builtins
   49:8142    warning  Do not access Object.prototype method 'hasOwnProperty' from target object  no-prototype-builtins
   49:8245    warning  Expected a 'break' statement before 'default'                              no-fallthrough
   49:8255    warning  Do not access Object.prototype method 'hasOwnProperty' from target object  no-prototype-builtins
   49:8341    warning  Do not access Object.prototype method 'hasOwnProperty' from target object  no-prototype-builtins
   49:8753    warning  Do not access Object.prototype method 'hasOwnProperty' from target object  no-prototype-builtins
   49:8830    warning  Expected a 'break' statement before 'default'                              no-fallthrough
   49:8840    warning  Do not access Object.prototype method 'hasOwnProperty' from target object  no-prototype-builtins
   49:8910    warning  Do not access Object.prototype method 'hasOwnProperty' from target object  no-prototype-builtins
   49:9030    warning  Expected a 'break' statement before 'default'                              no-fallthrough
   49:9213    warning  Do not access Object.prototype method 'hasOwnProperty' from target object  no-prototype-builtins
   49:9244    warning  Do not access Object.prototype method 'hasOwnProperty' from target object  no-prototype-builtins
   49:9368    warning  Do not access Object.prototype method 'hasOwnProperty' from target object  no-prototype-builtins
   49:9649    warning  Do not access Object.prototype method 'hasOwnProperty' from target object  no-prototype-builtins
   49:9682    warning  Do not access Object.prototype method 'hasOwnProperty' from target object  no-prototype-builtins
   49:9811    warning  Do not access Object.prototype method 'hasOwnProperty' from target object  no-prototype-builtins
   49:10181   warning  Do not access Object.prototype method 'hasOwnProperty' from target object  no-prototype-builtins
   49:10214   warning  Do not access Object.prototype method 'hasOwnProperty' from target object  no-prototype-builtins
   49:10290   warning  Do not access Object.prototype method 'hasOwnProperty' from target object  no-prototype-builtins
   49:10515   warning  Do not access Object.prototype method 'hasOwnProperty' from target object  no-prototype-builtins
   49:10551   warning  Do not access Object.prototype method 'hasOwnProperty' from target object  no-prototype-builtins
   49:10627   warning  Do not access Object.prototype method 'hasOwnProperty' from target object  no-prototype-builtins
   49:10736   warning  Do not access Object.prototype method 'hasOwnProperty' from target object  no-prototype-builtins
   49:10769   warning  Do not access Object.prototype method 'hasOwnProperty' from target object  no-prototype-builtins
   49:10843   warning  Do not access Object.prototype method 'hasOwnProperty' from target object  no-prototype-builtins
   49:17203   warning  Expected a conditional expression and instead saw an assignment            no-cond-assign
   49:18286   warning  Expected a conditional expression and instead saw an assignment            no-cond-assign
   49:20821   warning  Expected a conditional expression and instead saw an assignment            no-cond-assign
   49:33317   warning  '__REACT_DEVTOOLS_GLOBAL_HOOK__' is not defined                            no-undef
   49:33416   warning  Empty block statement                                                      no-empty
   49:34732   warning  '__REACT_DEVTOOLS_GLOBAL_HOOK__' is not defined                            no-undef
   49:34789   warning  '__REACT_DEVTOOLS_GLOBAL_HOOK__' is not defined                            no-undef
   57:1334    warning  'a' is defined but never used                                              no-unused-vars
   57:4113    warning  'o' is defined but never used                                              no-unused-vars
   57:6740    warning  Unexpected lexical declaration in case block                               no-case-declarations
   57:13354   warning  'V1' is a function                                                         no-func-assign
   57:14679   warning  Empty block statement                                                      no-empty
   57:15184   warning  Expected a conditional expression and instead saw an assignment            no-cond-assign
   57:17197   warning  Expected a 'break' statement before 'case'                                 no-fallthrough
   57:17433   warning  Expected a 'break' statement before 'case'                                 no-fallthrough
   57:17489   warning  Expected a 'break' statement before 'case'                                 no-fallthrough
   57:17618   warning  Expected a 'break' statement before 'default'                              no-fallthrough
   57:17940   warning  Expected a 'break' statement before 'default'                              no-fallthrough
   57:18726   warning  Expected a 'break' statement before 'case'                                 no-fallthrough
   57:19519   warning  Expected a 'break' statement before 'default'                              no-fallthrough
   57:19545   warning  Expected a conditional expression and instead saw an assignment            no-cond-assign
   57:21613   warning  Expected a 'break' statement before 'case'                                 no-fallthrough
   57:21823   warning  Expected a 'break' statement before 'case'                                 no-fallthrough
   64:3233    warning  Empty block statement                                                      no-empty
   64:4026    warning  Expected a 'break' statement before 'case'                                 no-fallthrough
   64:4063    warning  Expected a 'break' statement before 'case'                                 no-fallthrough
   72:7732    warning  's' is defined but never used                                              no-unused-vars
   72:18830   warning  'd' is assigned a value but never used                                     no-unused-vars
   72:20877   warning  't' is defined but never used                                              no-unused-vars
   72:20879   warning  'a' is defined but never used                                              no-unused-vars
   72:23007   warning  'a' is defined but never used                                              no-unused-vars
   72:24074   warning  'o' is defined but never used                                              no-unused-vars
   72:24312   warning  'o' is defined but never used                                              no-unused-vars
   72:24641   warning  'o' is defined but never used                                              no-unused-vars
   72:24748   warning  'o' is defined but never used                                              no-unused-vars
   72:27011   warning  'p' is assigned a value but never used                                     no-unused-vars
   72:36144   warning  Do not access Object.prototype method 'hasOwnProperty' from target object  no-prototype-builtins
   72:36307   warning  Do not access Object.prototype method 'hasOwnProperty' from target object  no-prototype-builtins
   72:37732   warning  Do not access Object.prototype method 'hasOwnProperty' from target object  no-prototype-builtins
   72:41608   warning  'v' is assigned a value but never used                                     no-unused-vars
   79:797     warning  'o' is assigned a value but never used                                     no-unused-vars
   79:819     warning  'c' is assigned a value but never used                                     no-unused-vars
   79:873     warning  'm' is assigned a value but never used                                     no-unused-vars
   79:3373    warning  Empty block statement                                                      no-empty
   79:16746   warning  'a' is defined but never used                                              no-unused-vars
   79:17234   warning  's' is assigned a value but never used                                     no-unused-vars
   79:17242   warning  'c' is assigned a value but never used                                     no-unused-vars
   79:18934   warning  'f2' is a function                                                         no-func-assign
   79:29431   warning  'tt' is defined but never used                                             no-unused-vars
   79:33305   warning  Empty block statement                                                      no-empty
  152:3221    warning  'C' is assigned a value but never used                                     no-unused-vars
  152:5418    warning  Do not access Object.prototype method 'hasOwnProperty' from target object  no-prototype-builtins
  179:14305   warning  Do not access Object.prototype method 'hasOwnProperty' from target object  no-prototype-builtins
  179:18457   warning  Do not access Object.prototype method 'hasOwnProperty' from target object  no-prototype-builtins
  179:18481   warning  Do not access Object.prototype method 'hasOwnProperty' from target object  no-prototype-builtins
  179:18675   warning  'j' is assigned to itself                                                  no-self-assign
  179:34232   warning  'T' is assigned a value but never used                                     no-unused-vars
  181:4689    warning  'm' is assigned a value but never used                                     no-unused-vars
  181:4806    warning  'T' is assigned a value but never used                                     no-unused-vars
  181:4887    warning  'N' is assigned a value but never used                                     no-unused-vars
  181:5045    warning  'H' is assigned a value but never used                                     no-unused-vars
  181:5216    warning  'Xt' is defined but never used                                             no-unused-vars
  181:11607   warning  '$' is defined but never used                                              no-unused-vars
  181:28326   warning  Do not access Object.prototype method 'hasOwnProperty' from target object  no-prototype-builtins
  181:30561   warning  'h' is assigned a value but never used                                     no-unused-vars
  181:30856   warning  'j' is assigned a value but never used                                     no-unused-vars
  181:30876   warning  'Y' is assigned a value but never used                                     no-unused-vars
  181:30897   warning  'G' is assigned a value but never used                                     no-unused-vars
  181:30938   warning  'U' is assigned a value but never used                                     no-unused-vars
  181:38878   warning  'c' is assigned a value but never used                                     no-unused-vars
  181:47529   warning  'm' is assigned a value but never used                                     no-unused-vars
  181:51084   warning  'p' is assigned a value but never used                                     no-unused-vars
  181:51092   warning  'm' is assigned a value but never used                                     no-unused-vars
  181:51101   warning  'v' is assigned a value but never used                                     no-unused-vars
  181:51111   warning  'b' is assigned a value but never used                                     no-unused-vars
  181:51120   warning  'A' is assigned a value but never used                                     no-unused-vars
  181:51131   warning  'E' is assigned a value but never used                                     no-unused-vars
  181:51141   warning  'C' is assigned a value but never used                                     no-unused-vars
  181:52885   warning  'h' is assigned a value but never used                                     no-unused-vars
  181:52916   warning  'm' is assigned a value but never used                                     no-unused-vars
  181:52924   warning  'v' is assigned a value but never used                                     no-unused-vars
  181:52933   warning  'b' is assigned a value but never used                                     no-unused-vars
  181:52943   warning  'A' is assigned a value but never used                                     no-unused-vars
  181:52954   warning  'E' is assigned a value but never used                                     no-unused-vars
  181:55276   warning  'X' is defined but never used                                              no-unused-vars
  181:61936   warning  'd' is assigned a value but never used                                     no-unused-vars
  181:61955   warning  'p' is assigned a value but never used                                     no-unused-vars
  232:21781   warning  'a' is assigned a value but never used                                     no-unused-vars
  232:21791   warning  'o' is assigned a value but never used                                     no-unused-vars
  232:27439   warning  '$' is assigned a value but never used                                     no-unused-vars
  232:32170   warning  'X' is assigned a value but never used                                     no-unused-vars
  232:49094   warning  'N' is assigned a value but never used                                     no-unused-vars
  232:49105   warning  'j' is assigned a value but never used                                     no-unused-vars
  232:49125   warning  'Y' is assigned a value but never used                                     no-unused-vars
  232:49234   warning  '$' is assigned a value but never used                                     no-unused-vars
  232:49259   warning  'B' is assigned a value but never used                                     no-unused-vars
  232:57225   warning  'h' is assigned a value but never used                                     no-unused-vars
  232:81640   warning  'c' is defined but never used                                              no-unused-vars
  232:89449   warning  Empty block statement                                                      no-empty
  232:89542   warning  Expected a conditional expression and instead saw an assignment            no-cond-assign
  232:91585   warning  'M' is assigned a value but never used                                     no-unused-vars
  232:93905   warning  Do not access Object.prototype method 'hasOwnProperty' from target object  no-prototype-builtins
  232:96137   warning  'O' is defined but never used                                              no-unused-vars
  232:96195   warning  'O' is defined but never used                                              no-unused-vars
  232:105804  warning  'h' is defined but never used                                              no-unused-vars
  232:111352  warning  Do not access Object.prototype method 'hasOwnProperty' from target object  no-prototype-builtins
  232:116226  warning  'B' is defined but never used                                              no-unused-vars
  232:125419  warning  'B' is defined but never used                                              no-unused-vars
  232:141781  warning  'v' is defined but never used                                              no-unused-vars
  232:146702  warning  'lt' is defined but never used                                             no-unused-vars
  232:172674  warning  'T' is defined but never used                                              no-unused-vars
  232:172875  warning  Redundant double negation                                                  no-extra-boolean-cast
  232:175724  warning  Do not access Object.prototype method 'hasOwnProperty' from target object  no-prototype-builtins
  232:200622  warning  Unexpected lexical declaration in case block                               no-case-declarations
  232:202916  warning  Unexpected lexical declaration in case block                               no-case-declarations
  232:202964  warning  Unexpected lexical declaration in case block                               no-case-declarations
  232:204557  warning  Expected a conditional expression and instead saw an assignment            no-cond-assign
  232:204927  warning  Unexpected lexical declaration in case block                               no-case-declarations
  232:207197  warning  Unexpected lexical declaration in case block                               no-case-declarations
  232:207226  warning  Unexpected lexical declaration in case block                               no-case-declarations
  233:15364   warning  'k' is defined but never used                                              no-unused-vars
  241:2576    warning  Empty block statement                                                      no-empty
  241:5901    warning  Empty block statement                                                      no-empty
  246:207     warning  Expected a conditional expression and instead saw an assignment            no-cond-assign
  248:4251    warning  'r' is defined but never used                                              no-unused-vars
  248:11084   warning  Expected a 'break' statement before 'case'                                 no-fallthrough
  248:11593   warning  Unexpected constant condition                                              no-constant-condition
  248:22845   warning  Empty block statement                                                      no-empty
  248:22854   warning  Empty block statement                                                      no-empty
  248:30242   warning  Empty block statement                                                      no-empty
  248:31707   warning  Expected a conditional expression and instead saw an assignment            no-cond-assign
  248:37970   warning  Expected a conditional expression and instead saw an assignment            no-cond-assign
  248:39118   warning  Expected a conditional expression and instead saw an assignment            no-cond-assign
  248:47395   warning  Expected a conditional expression and instead saw an assignment            no-cond-assign
  248:47588   warning  Expected a 'break' statement before 'case'                                 no-fallthrough
  248:47809   warning  Expected a 'break' statement before 'case'                                 no-fallthrough
  248:53551   warning  Expected a 'break' statement before 'case'                                 no-fallthrough
  248:53823   warning  Expected a 'break' statement before 'case'                                 no-fallthrough
  248:62010   warning  Expected a 'break' statement before 'case'                                 no-fallthrough
  248:62910   warning  Empty block statement                                                      no-empty
  248:63034   warning  Expected a 'break' statement before 'case'                                 no-fallthrough
  248:63152   warning  Expected a 'break' statement before 'case'                                 no-fallthrough
  248:63171   warning  Expected a 'break' statement before 'case'                                 no-fallthrough
  248:64544   warning  Expected a 'break' statement before 'case'                                 no-fallthrough
  248:65683   warning  Expected a 'break' statement before 'case'                                 no-fallthrough
  248:65809   warning  Expected a 'break' statement before 'case'                                 no-fallthrough
  248:68143   warning  Expected a 'break' statement before 'case'                                 no-fallthrough
  248:68892   warning  Expected a 'break' statement before 'case'                                 no-fallthrough
  248:69581   warning  Expected a 'break' statement before 'case'                                 no-fallthrough
  248:76629   warning  Expected a 'break' statement before 'case'                                 no-fallthrough
  248:76944   warning  Unexpected constant condition                                              no-constant-condition
  248:79403   warning  Unexpected constant condition                                              no-constant-condition
  248:80032   warning  Expected a 'break' statement before 'case'                                 no-fallthrough
  248:80384   warning  Unexpected constant condition                                              no-constant-condition
  248:80786   warning  Expected a 'break' statement before 'default'                              no-fallthrough
  248:83057   warning  Empty block statement                                                      no-empty
  248:83450   warning  'i' is defined but never used                                              no-unused-vars
  248:83834   warning  Empty block statement                                                      no-empty
  248:100015  warning  'process' is not defined                                                   no-undef
  248:100041  warning  'process' is not defined                                                   no-undef
  252:438     warning  '__REACT_DEVTOOLS_GLOBAL_HOOK__' is not defined                            no-undef
  252:542     warning  Empty block statement                                                      no-empty
  267:400     warning  Do not access Object.prototype method 'hasOwnProperty' from target object  no-prototype-builtins
  267:493     warning  'd' is already defined                                                     no-redeclare
  267:515     warning  'h' is already defined                                                     no-redeclare
  267:564     warning  'm' is already defined                                                     no-redeclare
  267:784     warning  'm' is already defined                                                     no-redeclare
  267:1175    warning  'o' is defined but never used                                              no-unused-vars
  267:1684    warning  'a' is defined but never used                                              no-unused-vars
  267:1686    warning  'o' is defined but never used                                              no-unused-vars
  267:1796    warning  't' is defined but never used                                              no-unused-vars
  267:1798    warning  'a' is defined but never used                                              no-unused-vars
  267:1800    warning  'o' is defined but never used                                              no-unused-vars
  267:1900    warning  't' is defined but never used                                              no-unused-vars
  267:1902    warning  'a' is defined but never used                                              no-unused-vars
  267:1904    warning  'o' is defined but never used                                              no-unused-vars
  267:1906    warning  's' is defined but never used                                              no-unused-vars
  267:1946    warning  't' is defined but never used                                              no-unused-vars
  267:1962    warning  't' is defined but never used                                              no-unused-vars
  267:1964    warning  'a' is defined but never used                                              no-unused-vars
  267:2096    warning  't' is defined but never used                                              no-unused-vars
  267:2098    warning  'a' is defined but never used                                              no-unused-vars
  267:2577    warning  't' is defined but never used                                              no-unused-vars
  267:2579    warning  'a' is defined but never used                                              no-unused-vars
  267:2581    warning  'o' is defined but never used                                              no-unused-vars
  267:2658    warning  't' is defined but never used                                              no-unused-vars
  267:2730    warning  't' is defined but never used                                              no-unused-vars
  267:2732    warning  'a' is defined but never used                                              no-unused-vars
  267:2748    warning  't' is defined but never used                                              no-unused-vars
  267:7455    warning  'a' is defined but never used                                              no-unused-vars
  270:9052    warning  'De' is defined but never used                                             no-unused-vars

/home/runner/work/exp-consensus-algorithms-au/exp-consensus-algorithms-au/experiment/simulation/js/index-HoCARLjA.js
    1:1137    warning  'global' is not defined                                                    no-undef
   17:4180    warning  'process' is not defined                                                   no-undef
   17:4206    warning  'process' is not defined                                                   no-undef
   25:991     warning  'setImmediate' is not defined                                              no-undef
   25:1824    warning  Unreachable code                                                           no-unreachable
   33:3442    warning  '__REACT_DEVTOOLS_GLOBAL_HOOK__' is not defined                            no-undef
   33:3499    warning  '__REACT_DEVTOOLS_GLOBAL_HOOK__' is not defined                            no-undef
   41:3147    warning  Empty block statement                                                      no-empty
   41:4604    warning  Empty block statement                                                      no-empty
   41:8271    warning  Expected a conditional expression and instead saw an assignment            no-cond-assign
   41:8371    warning  Expected a conditional expression and instead saw an assignment            no-cond-assign
   41:8454    warning  Expected a conditional expression and instead saw an assignment            no-cond-assign
   41:8903    warning  Unexpected combined character in character class                           no-misleading-character-class
   46:207     warning  Expected a conditional expression and instead saw an assignment            no-cond-assign
   48:391     warning  Do not access Object.prototype method 'hasOwnProperty' from target object  no-prototype-builtins
   48:2563    warning  Do not access Object.prototype method 'hasOwnProperty' from target object  no-prototype-builtins
   48:4674    warning  Do not access Object.prototype method 'hasOwnProperty' from target object  no-prototype-builtins
   48:4704    warning  Do not access Object.prototype method 'hasOwnProperty' from target object  no-prototype-builtins
   48:4823    warning  Do not access Object.prototype method 'hasOwnProperty' from target object  no-prototype-builtins
   48:4884    warning  Do not access Object.prototype method 'hasOwnProperty' from target object  no-prototype-builtins
   48:7847    warning  Unexpected control character(s) in regular expression: \x00, \x1f          no-control-regex
   48:9875    warning  Expected to return a value in method 'get'                                 getter-return
   48:10565   warning  Do not access Object.prototype method 'hasOwnProperty' from target object  no-prototype-builtins
   48:10907   warning  Invalid typeof comparison value                                            valid-typeof
   48:11081   warning  Invalid typeof comparison value                                            valid-typeof
   48:12946   warning  Expected a conditional expression and instead saw an assignment            no-cond-assign
   48:19265   warning  Do not access Object.prototype method 'hasOwnProperty' from target object  no-prototype-builtins
   48:32888   warning  Expected a 'break' statement before 'case'                                 no-fallthrough
   48:33384   warning  Unexpected constant condition                                              no-constant-condition
   48:45018   warning  Empty block statement                                                      no-empty
   48:45027   warning  Empty block statement                                                      no-empty
   48:56064   warning  Empty block statement                                                      no-empty
   48:58071   warning  Expected a conditional expression and instead saw an assignment            no-cond-assign
   48:58528   warning  'process' is not defined                                                   no-undef
   48:58554   warning  'process' is not defined                                                   no-undef
   48:64836   warning  Expected a conditional expression and instead saw an assignment            no-cond-assign
   48:65974   warning  Expected a conditional expression and instead saw an assignment            no-cond-assign
   48:67689   warning  Expected a conditional expression and instead saw an assignment            no-cond-assign
   48:74517   warning  Expected a conditional expression and instead saw an assignment            no-cond-assign
   48:79542   warning  Unnecessary escape character: \/                                           no-useless-escape
   48:89525   warning  Expected a 'break' statement before 'case'                                 no-fallthrough
   48:90443   warning  Empty block statement                                                      no-empty
   48:90722   warning  Expected a 'break' statement before 'case'                                 no-fallthrough
   48:93758   warning  Expected a conditional expression and instead saw an assignment            no-cond-assign
   48:96062   warning  Do not access Object.prototype method 'hasOwnProperty' from target object  no-prototype-builtins
   48:97780   warning  Expected a 'break' statement before 'case'                                 no-fallthrough
   48:98461   warning  Expected a 'break' statement before 'case'                                 no-fallthrough
   48:104081  warning  Expected a 'break' statement before 'case'                                 no-fallthrough
   48:104397  warning  Unexpected constant condition                                              no-constant-condition
   48:106747  warning  Unexpected constant condition                                              no-constant-condition
   48:107372  warning  Expected a 'break' statement before 'case'                                 no-fallthrough
   48:107681  warning  Unexpected constant condition                                              no-constant-condition
   48:108081  warning  Expected a 'break' statement before 'default'                              no-fallthrough
   48:110625  warning  Expected a conditional expression and instead saw an assignment            no-cond-assign
   48:111448  warning  Empty block statement                                                      no-empty
   48:111827  warning  'e' is defined but never used                                              no-unused-vars
   48:112194  warning  Empty block statement                                                      no-empty
   48:113662  warning  'n' is defined but never used                                              no-unused-vars
   48:115977  warning  Expected a conditional expression and instead saw an assignment            no-cond-assign
   48:119774  warning  Expected a 'break' statement before 'case'                                 no-fallthrough
   48:119967  warning  Expected a 'break' statement before 'case'                                 no-fallthrough
   48:121245  warning  Expected a conditional expression and instead saw an assignment            no-cond-assign
   48:122892  warning  Expected a 'break' statement before 'case'                                 no-fallthrough
   48:124467  warning  Unexpected control character(s) in regular expression: \x00                no-control-regex
   49:491     warning  Expected a 'break' statement before 'case'                                 no-fallthrough
   49:5093    warning  Do not access Object.prototype method 'hasOwnProperty' from target object  no-prototype-builtins
   49:5665    warning  Do not access Object.prototype method 'hasOwnProperty' from target object  no-prototype-builtins
   49:6006    warning  Do not access Object.prototype method 'hasOwnProperty' from target object  no-prototype-builtins
   49:6421    warning  Do not access Object.prototype method 'hasOwnProperty' from target object  no-prototype-builtins
   49:6537    warning  Expected a 'break' statement before 'default'                              no-fallthrough
   49:6699    warning  Do not access Object.prototype method 'hasOwnProperty' from target object  no-prototype-builtins
   49:6969    warning  Do not access Object.prototype method 'hasOwnProperty' from target object  no-prototype-builtins
   49:7467    warning  Expected a 'break' statement before 'case'                                 no-fallthrough
   49:7607    warning  Do not access Object.prototype method 'hasOwnProperty' from target object  no-prototype-builtins
   49:7790    warning  Do not access Object.prototype method 'hasOwnProperty' from target object  no-prototype-builtins
   49:7875    warning  Do not access Object.prototype method 'hasOwnProperty' from target object  no-prototype-builtins
   49:8142    warning  Do not access Object.prototype method 'hasOwnProperty' from target object  no-prototype-builtins
   49:8245    warning  Expected a 'break' statement before 'default'                              no-fallthrough
   49:8255    warning  Do not access Object.prototype method 'hasOwnProperty' from target object  no-prototype-builtins
   49:8341    warning  Do not access Object.prototype method 'hasOwnProperty' from target object  no-prototype-builtins
   49:8753    warning  Do not access Object.prototype method 'hasOwnProperty' from target object  no-prototype-builtins
   49:8830    warning  Expected a 'break' statement before 'default'                              no-fallthrough
   49:8840    warning  Do not access Object.prototype method 'hasOwnProperty' from target object  no-prototype-builtins
   49:8910    warning  Do not access Object.prototype method 'hasOwnProperty' from target object  no-prototype-builtins
   49:9030    warning  Expected a 'break' statement before 'default'                              no-fallthrough
   49:9213    warning  Do not access Object.prototype method 'hasOwnProperty' from target object  no-prototype-builtins
   49:9244    warning  Do not access Object.prototype method 'hasOwnProperty' from target object  no-prototype-builtins
   49:9368    warning  Do not access Object.prototype method 'hasOwnProperty' from target object  no-prototype-builtins
   49:9649    warning  Do not access Object.prototype method 'hasOwnProperty' from target object  no-prototype-builtins
   49:9682    warning  Do not access Object.prototype method 'hasOwnProperty' from target object  no-prototype-builtins
   49:9811    warning  Do not access Object.prototype method 'hasOwnProperty' from target object  no-prototype-builtins
   49:10181   warning  Do not access Object.prototype method 'hasOwnProperty' from target object  no-prototype-builtins
   49:10214   warning  Do not access Object.prototype method 'hasOwnProperty' from target object  no-prototype-builtins
   49:10290   warning  Do not access Object.prototype method 'hasOwnProperty' from target object  no-prototype-builtins
   49:10515   warning  Do not access Object.prototype method 'hasOwnProperty' from target object  no-prototype-builtins
   49:10551   warning  Do not access Object.prototype method 'hasOwnProperty' from target object  no-prototype-builtins
   49:10627   warning  Do not access Object.prototype method 'hasOwnProperty' from target object  no-prototype-builtins
   49:10736   warning  Do not access Object.prototype method 'hasOwnProperty' from target object  no-prototype-builtins
   49:10769   warning  Do not access Object.prototype method 'hasOwnProperty' from target object  no-prototype-builtins
   49:10843   warning  Do not access Object.prototype method 'hasOwnProperty' from target object  no-prototype-builtins
   49:17203   warning  Expected a conditional expression and instead saw an assignment            no-cond-assign
   49:18286   warning  Expected a conditional expression and instead saw an assignment            no-cond-assign
   49:20821   warning  Expected a conditional expression and instead saw an assignment            no-cond-assign
   49:33317   warning  '__REACT_DEVTOOLS_GLOBAL_HOOK__' is not defined                            no-undef
   49:33416   warning  Empty block statement                                                      no-empty
   49:34732   warning  '__REACT_DEVTOOLS_GLOBAL_HOOK__' is not defined                            no-undef
   49:34789   warning  '__REACT_DEVTOOLS_GLOBAL_HOOK__' is not defined                            no-undef
   57:1334    warning  'a' is defined but never used                                              no-unused-vars
   57:4113    warning  'o' is defined but never used                                              no-unused-vars
   57:6740    warning  Unexpected lexical declaration in case block                               no-case-declarations
   57:13354   warning  'V1' is a function                                                         no-func-assign
   57:14679   warning  Empty block statement                                                      no-empty
   57:15184   warning  Expected a conditional expression and instead saw an assignment            no-cond-assign
   57:17197   warning  Expected a 'break' statement before 'case'                                 no-fallthrough
   57:17433   warning  Expected a 'break' statement before 'case'                                 no-fallthrough
   57:17489   warning  Expected a 'break' statement before 'case'                                 no-fallthrough
   57:17618   warning  Expected a 'break' statement before 'default'                              no-fallthrough
   57:17940   warning  Expected a 'break' statement before 'default'                              no-fallthrough
   57:18726   warning  Expected a 'break' statement before 'case'                                 no-fallthrough
   57:19519   warning  Expected a 'break' statement before 'default'                              no-fallthrough
   57:19545   warning  Expected a conditional expression and instead saw an assignment            no-cond-assign
   57:21613   warning  Expected a 'break' statement before 'case'                                 no-fallthrough
   57:21823   warning  Expected a 'break' statement before 'case'                                 no-fallthrough
   64:3233    warning  Empty block statement                                                      no-empty
   64:4026    warning  Expected a 'break' statement before 'case'                                 no-fallthrough
   64:4063    warning  Expected a 'break' statement before 'case'                                 no-fallthrough
   72:7732    warning  's' is defined but never used                                              no-unused-vars
   72:18830   warning  'd' is assigned a value but never used                                     no-unused-vars
   72:20877   warning  't' is defined but never used                                              no-unused-vars
   72:20879   warning  'a' is defined but never used                                              no-unused-vars
   72:23007   warning  'a' is defined but never used                                              no-unused-vars
   72:24074   warning  'o' is defined but never used                                              no-unused-vars
   72:24312   warning  'o' is defined but never used                                              no-unused-vars
   72:24641   warning  'o' is defined but never used                                              no-unused-vars
   72:24748   warning  'o' is defined but never used                                              no-unused-vars
   72:27011   warning  'p' is assigned a value but never used                                     no-unused-vars
   72:36144   warning  Do not access Object.prototype method 'hasOwnProperty' from target object  no-prototype-builtins
   72:36307   warning  Do not access Object.prototype method 'hasOwnProperty' from target object  no-prototype-builtins
   72:37732   warning  Do not access Object.prototype method 'hasOwnProperty' from target object  no-prototype-builtins
   72:41608   warning  'v' is assigned a value but never used                                     no-unused-vars
   79:797     warning  'o' is assigned a value but never used                                     no-unused-vars
   79:819     warning  'c' is assigned a value but never used                                     no-unused-vars
   79:873     warning  'm' is assigned a value but never used                                     no-unused-vars
   79:3373    warning  Empty block statement                                                      no-empty
   79:16746   warning  'a' is defined but never used                                              no-unused-vars
   79:17234   warning  's' is assigned a value but never used                                     no-unused-vars
   79:17242   warning  'c' is assigned a value but never used                                     no-unused-vars
   79:18934   warning  'f2' is a function                                                         no-func-assign
   79:29431   warning  'tt' is defined but never used                                             no-unused-vars
   79:33305   warning  Empty block statement                                                      no-empty
  152:3221    warning  'C' is assigned a value but never used                                     no-unused-vars
  152:5418    warning  Do not access Object.prototype method 'hasOwnProperty' from target object  no-prototype-builtins
  179:14305   warning  Do not access Object.prototype method 'hasOwnProperty' from target object  no-prototype-builtins
  179:18457   warning  Do not access Object.prototype method 'hasOwnProperty' from target object  no-prototype-builtins
  179:18481   warning  Do not access Object.prototype method 'hasOwnProperty' from target object  no-prototype-builtins
  179:18675   warning  'U' is assigned to itself                                                  no-self-assign
  179:34232   warning  'T' is assigned a value but never used                                     no-unused-vars
  181:4689    warning  'm' is assigned a value but never used                                     no-unused-vars
  181:4806    warning  'T' is assigned a value but never used                                     no-unused-vars
  181:4887    warning  'N' is assigned a value but never used                                     no-unused-vars
  181:5045    warning  'H' is assigned a value but never used                                     no-unused-vars
  181:5216    warning  'Xt' is defined but never used                                             no-unused-vars
  181:11607   warning  '$' is defined but never used                                              no-unused-vars
  181:28326   warning  Do not access Object.prototype method 'hasOwnProperty' from target object  no-prototype-builtins
  181:30561   warning  'h' is assigned a value but never used                                     no-unused-vars
  181:30856   warning  'U' is assigned a value but never used                                     no-unused-vars
  181:30876   warning  'Y' is assigned a value but never used                                     no-unused-vars
  181:30897   warning  'P' is assigned a value but never used                                     no-unused-vars
  181:30938   warning  'j' is assigned a value but never used                                     no-unused-vars
  181:38878   warning  'c' is assigned a value but never used                                     no-unused-vars
  181:47529   warning  'm' is assigned a value but never used                                     no-unused-vars
  181:51084   warning  'p' is assigned a value but never used                                     no-unused-vars
  181:51092   warning  'm' is assigned a value but never used                                     no-unused-vars
  181:51101   warning  'v' is assigned a value but never used                                     no-unused-vars
  181:51111   warning  'b' is assigned a value but never used                                     no-unused-vars
  181:51120   warning  'A' is assigned a value but never used                                     no-unused-vars
  181:51131   warning  'E' is assigned a value but never used                                     no-unused-vars
  181:51141   warning  'C' is assigned a value but never used                                     no-unused-vars
  181:52885   warning  'h' is assigned a value but never used                                     no-unused-vars
  181:52916   warning  'm' is assigned a value but never used                                     no-unused-vars
  181:52924   warning  'v' is assigned a value but never used                                     no-unused-vars
  181:52933   warning  'b' is assigned a value but never used                                     no-unused-vars
  181:52943   warning  'A' is assigned a value but never used                                     no-unused-vars
  181:52954   warning  'E' is assigned a value but never used                                     no-unused-vars
  181:55276   warning  'X' is defined but never used                                              no-unused-vars
  181:61936   warning  'd' is assigned a value but never used                                     no-unused-vars
  181:61955   warning  'p' is assigned a value but never used                                     no-unused-vars
  232:21781   warning  'a' is assigned a value but never used                                     no-unused-vars
  232:21791   warning  'o' is assigned a value but never used                                     no-unused-vars
  232:27439   warning  '$' is assigned a value but never used                                     no-unused-vars
  232:32170   warning  'X' is assigned a value but never used                                     no-unused-vars
  232:49094   warning  'N' is assigned a value but never used                                     no-unused-vars
  232:49105   warning  'U' is assigned a value but never used                                     no-unused-vars
  232:49125   warning  'Y' is assigned a value but never used                                     no-unused-vars
  232:49234   warning  '$' is assigned a value but never used                                     no-unused-vars
  232:49259   warning  'B' is assigned a value but never used                                     no-unused-vars
  232:57225   warning  'h' is assigned a value but never used                                     no-unused-vars
  232:81544   warning  'c' is defined but never used                                              no-unused-vars
  232:89353   warning  Empty block statement                                                      no-empty
  232:89446   warning  Expected a conditional expression and instead saw an assignment            no-cond-assign
  232:91489   warning  'M' is assigned a value but never used                                     no-unused-vars
  232:93809   warning  Do not access Object.prototype method 'hasOwnProperty' from target object  no-prototype-builtins
  232:96041   warning  'O' is defined but never used                                              no-unused-vars
  232:96099   warning  'O' is defined but never used                                              no-unused-vars
  232:105708  warning  'h' is defined but never used                                              no-unused-vars
  232:111256  warning  Do not access Object.prototype method 'hasOwnProperty' from target object  no-prototype-builtins
  232:116130  warning  'B' is defined but never used                                              no-unused-vars
  232:125323  warning  'B' is defined but never used                                              no-unused-vars
  232:141685  warning  'v' is defined but never used                                              no-unused-vars
  232:146606  warning  'lt' is defined but never used                                             no-unused-vars
  232:172578  warning  'T' is defined but never used                                              no-unused-vars
  232:172779  warning  Redundant double negation                                                  no-extra-boolean-cast
  232:175628  warning  Do not access Object.prototype method 'hasOwnProperty' from target object  no-prototype-builtins
  232:200526  warning  Unexpected lexical declaration in case block                               no-case-declarations
  232:202820  warning  Unexpected lexical declaration in case block                               no-case-declarations
  232:202868  warning  Unexpected lexical declaration in case block                               no-case-declarations
  232:204461  warning  Expected a conditional expression and instead saw an assignment            no-cond-assign
  232:204831  warning  Unexpected lexical declaration in case block                               no-case-declarations
  232:207101  warning  Unexpected lexical declaration in case block                               no-case-declarations
  232:207130  warning  Unexpected lexical declaration in case block                               no-case-declarations
  233:15364   warning  'k' is defined but never used                                              no-unused-vars
  241:2576    warning  Empty block statement                                                      no-empty
  241:5901    warning  Empty block statement                                                      no-empty
  246:207     warning  Expected a conditional expression and instead saw an assignment            no-cond-assign
  248:4251    warning  'r' is defined but never used                                              no-unused-vars
  248:11084   warning  Expected a 'break' statement before 'case'                                 no-fallthrough
  248:11593   warning  Unexpected constant condition                                              no-constant-condition
  248:22845   warning  Empty block statement                                                      no-empty
  248:22854   warning  Empty block statement                                                      no-empty
  248:30242   warning  Empty block statement                                                      no-empty
  248:31707   warning  Expected a conditional expression and instead saw an assignment            no-cond-assign
  248:37970   warning  Expected a conditional expression and instead saw an assignment            no-cond-assign
  248:39118   warning  Expected a conditional expression and instead saw an assignment            no-cond-assign
  248:47395   warning  Expected a conditional expression and instead saw an assignment            no-cond-assign
  248:47588   warning  Expected a 'break' statement before 'case'                                 no-fallthrough
  248:47809   warning  Expected a 'break' statement before 'case'                                 no-fallthrough
  248:53551   warning  Expected a 'break' statement before 'case'                                 no-fallthrough
  248:53823   warning  Expected a 'break' statement before 'case'                                 no-fallthrough
  248:62010   warning  Expected a 'break' statement before 'case'                                 no-fallthrough
  248:62910   warning  Empty block statement                                                      no-empty
  248:63034   warning  Expected a 'break' statement before 'case'                                 no-fallthrough
  248:63152   warning  Expected a 'break' statement before 'case'                                 no-fallthrough
  248:63171   warning  Expected a 'break' statement before 'case'                                 no-fallthrough
  248:64544   warning  Expected a 'break' statement before 'case'                                 no-fallthrough
  248:65683   warning  Expected a 'break' statement before 'case'                                 no-fallthrough
  248:65809   warning  Expected a 'break' statement before 'case'                                 no-fallthrough
  248:68143   warning  Expected a 'break' statement before 'case'                                 no-fallthrough
  248:68892   warning  Expected a 'break' statement before 'case'                                 no-fallthrough
  248:69581   warning  Expected a 'break' statement before 'case'                                 no-fallthrough
  248:76629   warning  Expected a 'break' statement before 'case'                                 no-fallthrough
  248:76944   warning  Unexpected constant condition                                              no-constant-condition
  248:79403   warning  Unexpected constant condition                                              no-constant-condition
  248:80032   warning  Expected a 'break' statement before 'case'                                 no-fallthrough
  248:80384   warning  Unexpected constant condition                                              no-constant-condition
  248:80786   warning  Expected a 'break' statement before 'default'                              no-fallthrough
  248:83057   warning  Empty block statement                                                      no-empty
  248:83450   warning  'i' is defined but never used                                              no-unused-vars
  248:83834   warning  Empty block statement                                                      no-empty
  248:100015  warning  'process' is not defined                                                   no-undef
  248:100041  warning  'process' is not defined                                                   no-undef
  252:438     warning  '__REACT_DEVTOOLS_GLOBAL_HOOK__' is not defined                            no-undef
  252:542     warning  Empty block statement                                                      no-empty
  267:400     warning  Do not access Object.prototype method 'hasOwnProperty' from target object  no-prototype-builtins
  267:493     warning  'd' is already defined                                                     no-redeclare
  267:515     warning  'h' is already defined                                                     no-redeclare
  267:564     warning  'm' is already defined                                                     no-redeclare
  267:784     warning  'm' is already defined                                                     no-redeclare
  267:1175    warning  'o' is defined but never used                                              no-unused-vars
  267:1684    warning  'a' is defined but never used                                              no-unused-vars
  267:1686    warning  'o' is defined but never used                                              no-unused-vars
  267:1796    warning  't' is defined but never used                                              no-unused-vars
  267:1798    warning  'a' is defined but never used                                              no-unused-vars
  267:1800    warning  'o' is defined but never used                                              no-unused-vars
  267:1900    warning  't' is defined but never used                                              no-unused-vars
  267:1902    warning  'a' is defined but never used                                              no-unused-vars
  267:1904    warning  'o' is defined but never used                                              no-unused-vars
  267:1906    warning  's' is defined but never used                                              no-unused-vars
  267:1946    warning  't' is defined but never used                                              no-unused-vars
  267:1962    warning  't' is defined but never used                                              no-unused-vars
  267:1964    warning  'a' is defined but never used                                              no-unused-vars
  267:2096    warning  't' is defined but never used                                              no-unused-vars
  267:2098    warning  'a' is defined but never used                                              no-unused-vars
  267:2577    warning  't' is defined but never used                                              no-unused-vars
  267:2579    warning  'a' is defined but never used                                              no-unused-vars
  267:2581    warning  'o' is defined but never used                                              no-unused-vars
  267:2658    warning  't' is defined but never used                                              no-unused-vars
  267:2730    warning  't' is defined but never used                                              no-unused-vars
  267:2732    warning  'a' is defined but never used                                              no-unused-vars
  267:2748    warning  't' is defined but never used                                              no-unused-vars
  267:7455    warning  'a' is defined but never used                                              no-unused-vars
  270:9052    warning  'De' is defined but never used                                             no-unused-vars

/home/runner/work/exp-consensus-algorithms-au/exp-consensus-algorithms-au/experiment/simulation/js/index-Ou5e8EHw.js
    1:1137    warning  'global' is not defined                                                    no-undef
   17:4180    warning  'process' is not defined                                                   no-undef
   17:4206    warning  'process' is not defined                                                   no-undef
   25:991     warning  'setImmediate' is not defined                                              no-undef
   25:1824    warning  Unreachable code                                                           no-unreachable
   33:3442    warning  '__REACT_DEVTOOLS_GLOBAL_HOOK__' is not defined                            no-undef
   33:3499    warning  '__REACT_DEVTOOLS_GLOBAL_HOOK__' is not defined                            no-undef
   41:3147    warning  Empty block statement                                                      no-empty
   41:4604    warning  Empty block statement                                                      no-empty
   41:8271    warning  Expected a conditional expression and instead saw an assignment            no-cond-assign
   41:8371    warning  Expected a conditional expression and instead saw an assignment            no-cond-assign
   41:8454    warning  Expected a conditional expression and instead saw an assignment            no-cond-assign
   41:8903    warning  Unexpected combined character in character class                           no-misleading-character-class
   46:207     warning  Expected a conditional expression and instead saw an assignment            no-cond-assign
   48:391     warning  Do not access Object.prototype method 'hasOwnProperty' from target object  no-prototype-builtins
   48:2563    warning  Do not access Object.prototype method 'hasOwnProperty' from target object  no-prototype-builtins
   48:4674    warning  Do not access Object.prototype method 'hasOwnProperty' from target object  no-prototype-builtins
   48:4704    warning  Do not access Object.prototype method 'hasOwnProperty' from target object  no-prototype-builtins
   48:4823    warning  Do not access Object.prototype method 'hasOwnProperty' from target object  no-prototype-builtins
   48:4884    warning  Do not access Object.prototype method 'hasOwnProperty' from target object  no-prototype-builtins
   48:7847    warning  Unexpected control character(s) in regular expression: \x00, \x1f          no-control-regex
   48:9875    warning  Expected to return a value in method 'get'                                 getter-return
   48:10565   warning  Do not access Object.prototype method 'hasOwnProperty' from target object  no-prototype-builtins
   48:10907   warning  Invalid typeof comparison value                                            valid-typeof
   48:11081   warning  Invalid typeof comparison value                                            valid-typeof
   48:12946   warning  Expected a conditional expression and instead saw an assignment            no-cond-assign
   48:19265   warning  Do not access Object.prototype method 'hasOwnProperty' from target object  no-prototype-builtins
   48:32888   warning  Expected a 'break' statement before 'case'                                 no-fallthrough
   48:33384   warning  Unexpected constant condition                                              no-constant-condition
   48:45018   warning  Empty block statement                                                      no-empty
   48:45027   warning  Empty block statement                                                      no-empty
   48:56064   warning  Empty block statement                                                      no-empty
   48:58071   warning  Expected a conditional expression and instead saw an assignment            no-cond-assign
   48:58528   warning  'process' is not defined                                                   no-undef
   48:58554   warning  'process' is not defined                                                   no-undef
   48:64836   warning  Expected a conditional expression and instead saw an assignment            no-cond-assign
   48:65974   warning  Expected a conditional expression and instead saw an assignment            no-cond-assign
   48:67689   warning  Expected a conditional expression and instead saw an assignment            no-cond-assign
   48:74517   warning  Expected a conditional expression and instead saw an assignment            no-cond-assign
   48:79542   warning  Unnecessary escape character: \/                                           no-useless-escape
   48:89525   warning  Expected a 'break' statement before 'case'                                 no-fallthrough
   48:90443   warning  Empty block statement                                                      no-empty
   48:90722   warning  Expected a 'break' statement before 'case'                                 no-fallthrough
   48:93758   warning  Expected a conditional expression and instead saw an assignment            no-cond-assign
   48:96062   warning  Do not access Object.prototype method 'hasOwnProperty' from target object  no-prototype-builtins
   48:97780   warning  Expected a 'break' statement before 'case'                                 no-fallthrough
   48:98461   warning  Expected a 'break' statement before 'case'                                 no-fallthrough
   48:104081  warning  Expected a 'break' statement before 'case'                                 no-fallthrough
   48:104397  warning  Unexpected constant condition                                              no-constant-condition
   48:106747  warning  Unexpected constant condition                                              no-constant-condition
   48:107372  warning  Expected a 'break' statement before 'case'                                 no-fallthrough
   48:107681  warning  Unexpected constant condition                                              no-constant-condition
   48:108081  warning  Expected a 'break' statement before 'default'                              no-fallthrough
   48:110625  warning  Expected a conditional expression and instead saw an assignment            no-cond-assign
   48:111448  warning  Empty block statement                                                      no-empty
   48:111827  warning  'e' is defined but never used                                              no-unused-vars
   48:112194  warning  Empty block statement                                                      no-empty
   48:113662  warning  'n' is defined but never used                                              no-unused-vars
   48:115977  warning  Expected a conditional expression and instead saw an assignment            no-cond-assign
   48:119774  warning  Expected a 'break' statement before 'case'                                 no-fallthrough
   48:119967  warning  Expected a 'break' statement before 'case'                                 no-fallthrough
   48:121245  warning  Expected a conditional expression and instead saw an assignment            no-cond-assign
   48:122892  warning  Expected a 'break' statement before 'case'                                 no-fallthrough
   48:124467  warning  Unexpected control character(s) in regular expression: \x00                no-control-regex
   49:491     warning  Expected a 'break' statement before 'case'                                 no-fallthrough
   49:5093    warning  Do not access Object.prototype method 'hasOwnProperty' from target object  no-prototype-builtins
   49:5665    warning  Do not access Object.prototype method 'hasOwnProperty' from target object  no-prototype-builtins
   49:6006    warning  Do not access Object.prototype method 'hasOwnProperty' from target object  no-prototype-builtins
   49:6421    warning  Do not access Object.prototype method 'hasOwnProperty' from target object  no-prototype-builtins
   49:6537    warning  Expected a 'break' statement before 'default'                              no-fallthrough
   49:6699    warning  Do not access Object.prototype method 'hasOwnProperty' from target object  no-prototype-builtins
   49:6969    warning  Do not access Object.prototype method 'hasOwnProperty' from target object  no-prototype-builtins
   49:7467    warning  Expected a 'break' statement before 'case'                                 no-fallthrough
   49:7607    warning  Do not access Object.prototype method 'hasOwnProperty' from target object  no-prototype-builtins
   49:7790    warning  Do not access Object.prototype method 'hasOwnProperty' from target object  no-prototype-builtins
   49:7875    warning  Do not access Object.prototype method 'hasOwnProperty' from target object  no-prototype-builtins
   49:8142    warning  Do not access Object.prototype method 'hasOwnProperty' from target object  no-prototype-builtins
   49:8245    warning  Expected a 'break' statement before 'default'                              no-fallthrough
   49:8255    warning  Do not access Object.prototype method 'hasOwnProperty' from target object  no-prototype-builtins
   49:8341    warning  Do not access Object.prototype method 'hasOwnProperty' from target object  no-prototype-builtins
   49:8753    warning  Do not access Object.prototype method 'hasOwnProperty' from target object  no-prototype-builtins
   49:8830    warning  Expected a 'break' statement before 'default'                              no-fallthrough
   49:8840    warning  Do not access Object.prototype method 'hasOwnProperty' from target object  no-prototype-builtins
   49:8910    warning  Do not access Object.prototype method 'hasOwnProperty' from target object  no-prototype-builtins
   49:9030    warning  Expected a 'break' statement before 'default'                              no-fallthrough
   49:9213    warning  Do not access Object.prototype method 'hasOwnProperty' from target object  no-prototype-builtins
   49:9244    warning  Do not access Object.prototype method 'hasOwnProperty' from target object  no-prototype-builtins
   49:9368    warning  Do not access Object.prototype method 'hasOwnProperty' from target object  no-prototype-builtins
   49:9649    warning  Do not access Object.prototype method 'hasOwnProperty' from target object  no-prototype-builtins
   49:9682    warning  Do not access Object.prototype method 'hasOwnProperty' from target object  no-prototype-builtins
   49:9811    warning  Do not access Object.prototype method 'hasOwnProperty' from target object  no-prototype-builtins
   49:10181   warning  Do not access Object.prototype method 'hasOwnProperty' from target object  no-prototype-builtins
   49:10214   warning  Do not access Object.prototype method 'hasOwnProperty' from target object  no-prototype-builtins
   49:10290   warning  Do not access Object.prototype method 'hasOwnProperty' from target object  no-prototype-builtins
   49:10515   warning  Do not access Object.prototype method 'hasOwnProperty' from target object  no-prototype-builtins
   49:10551   warning  Do not access Object.prototype method 'hasOwnProperty' from target object  no-prototype-builtins
   49:10627   warning  Do not access Object.prototype method 'hasOwnProperty' from target object  no-prototype-builtins
   49:10736   warning  Do not access Object.prototype method 'hasOwnProperty' from target object  no-prototype-builtins
   49:10769   warning  Do not access Object.prototype method 'hasOwnProperty' from target object  no-prototype-builtins
   49:10843   warning  Do not access Object.prototype method 'hasOwnProperty' from target object  no-prototype-builtins
   49:17203   warning  Expected a conditional expression and instead saw an assignment            no-cond-assign
   49:18286   warning  Expected a conditional expression and instead saw an assignment            no-cond-assign
   49:20821   warning  Expected a conditional expression and instead saw an assignment            no-cond-assign
   49:33317   warning  '__REACT_DEVTOOLS_GLOBAL_HOOK__' is not defined                            no-undef
   49:33416   warning  Empty block statement                                                      no-empty
   49:34732   warning  '__REACT_DEVTOOLS_GLOBAL_HOOK__' is not defined                            no-undef
   49:34789   warning  '__REACT_DEVTOOLS_GLOBAL_HOOK__' is not defined                            no-undef
   57:1334    warning  'a' is defined but never used                                              no-unused-vars
   57:4113    warning  'o' is defined but never used                                              no-unused-vars
   57:6643    warning  Unexpected lexical declaration in case block                               no-case-declarations
   57:11886   warning  'H1' is a function                                                         no-func-assign
   57:13211   warning  Empty block statement                                                      no-empty
   57:13716   warning  Expected a conditional expression and instead saw an assignment            no-cond-assign
   57:15729   warning  Expected a 'break' statement before 'case'                                 no-fallthrough
   57:15965   warning  Expected a 'break' statement before 'case'                                 no-fallthrough
   57:16021   warning  Expected a 'break' statement before 'case'                                 no-fallthrough
   57:16150   warning  Expected a 'break' statement before 'default'                              no-fallthrough
   57:16472   warning  Expected a 'break' statement before 'default'                              no-fallthrough
   57:17258   warning  Expected a 'break' statement before 'case'                                 no-fallthrough
   57:18051   warning  Expected a 'break' statement before 'default'                              no-fallthrough
   57:18077   warning  Expected a conditional expression and instead saw an assignment            no-cond-assign
   57:20145   warning  Expected a 'break' statement before 'case'                                 no-fallthrough
   57:20355   warning  Expected a 'break' statement before 'case'                                 no-fallthrough
   64:3233    warning  Empty block statement                                                      no-empty
   64:4026    warning  Expected a 'break' statement before 'case'                                 no-fallthrough
   64:4063    warning  Expected a 'break' statement before 'case'                                 no-fallthrough
   72:7732    warning  's' is defined but never used                                              no-unused-vars
   72:18830   warning  'd' is assigned a value but never used                                     no-unused-vars
   72:20877   warning  't' is defined but never used                                              no-unused-vars
   72:20879   warning  'a' is defined but never used                                              no-unused-vars
   72:23007   warning  'a' is defined but never used                                              no-unused-vars
   72:24074   warning  'o' is defined but never used                                              no-unused-vars
   72:24312   warning  'o' is defined but never used                                              no-unused-vars
   72:24641   warning  'o' is defined but never used                                              no-unused-vars
   72:24748   warning  'o' is defined but never used                                              no-unused-vars
   72:27011   warning  'p' is assigned a value but never used                                     no-unused-vars
   72:36144   warning  Do not access Object.prototype method 'hasOwnProperty' from target object  no-prototype-builtins
   72:36307   warning  Do not access Object.prototype method 'hasOwnProperty' from target object  no-prototype-builtins
   72:37732   warning  Do not access Object.prototype method 'hasOwnProperty' from target object  no-prototype-builtins
   72:41608   warning  'v' is assigned a value but never used                                     no-unused-vars
   79:797     warning  'o' is assigned a value but never used                                     no-unused-vars
   79:819     warning  'c' is assigned a value but never used                                     no-unused-vars
   79:873     warning  'm' is assigned a value but never used                                     no-unused-vars
   79:3373    warning  Empty block statement                                                      no-empty
   79:16746   warning  'a' is defined but never used                                              no-unused-vars
   79:17234   warning  's' is assigned a value but never used                                     no-unused-vars
   79:17242   warning  'c' is assigned a value but never used                                     no-unused-vars
   79:18934   warning  'c2' is a function                                                         no-func-assign
   79:29431   warning  'et' is defined but never used                                             no-unused-vars
   79:33305   warning  Empty block statement                                                      no-empty
  152:3221    warning  '_' is assigned a value but never used                                     no-unused-vars
  152:5418    warning  Do not access Object.prototype method 'hasOwnProperty' from target object  no-prototype-builtins
  179:13840   warning  Do not access Object.prototype method 'hasOwnProperty' from target object  no-prototype-builtins
  179:17992   warning  Do not access Object.prototype method 'hasOwnProperty' from target object  no-prototype-builtins
  179:18016   warning  Do not access Object.prototype method 'hasOwnProperty' from target object  no-prototype-builtins
  179:18210   warning  'j' is assigned to itself                                                  no-self-assign
  179:33767   warning  'E' is assigned a value but never used                                     no-unused-vars
  181:4689    warning  'm' is assigned a value but never used                                     no-unused-vars
  181:4806    warning  'E' is assigned a value but never used                                     no-unused-vars
  181:4887    warning  'N' is assigned a value but never used                                     no-unused-vars
  181:5045    warning  'L' is assigned a value but never used                                     no-unused-vars
  181:5216    warning  'Xt' is defined but never used                                             no-unused-vars
  181:11607   warning  'I' is defined but never used                                              no-unused-vars
  181:28326   warning  Do not access Object.prototype method 'hasOwnProperty' from target object  no-prototype-builtins
  181:30561   warning  'h' is assigned a value but never used                                     no-unused-vars
  181:30856   warning  'j' is assigned a value but never used                                     no-unused-vars
  181:30876   warning  'H' is assigned a value but never used                                     no-unused-vars
  181:30897   warning  'G' is assigned a value but never used                                     no-unused-vars
  181:30938   warning  'U' is assigned a value but never used                                     no-unused-vars
  181:40278   warning  'm' is assigned a value but never used                                     no-unused-vars
  181:43833   warning  'p' is assigned a value but never used                                     no-unused-vars
  181:43841   warning  'm' is assigned a value but never used                                     no-unused-vars
  181:43850   warning  'v' is assigned a value but never used                                     no-unused-vars
  181:43860   warning  'b' is assigned a value but never used                                     no-unused-vars
  181:43869   warning  'M' is assigned a value but never used                                     no-unused-vars
  181:43880   warning  'R' is assigned a value but never used                                     no-unused-vars
  181:43890   warning  '_' is assigned a value but never used                                     no-unused-vars
  181:45634   warning  'h' is assigned a value but never used                                     no-unused-vars
  181:45665   warning  'm' is assigned a value but never used                                     no-unused-vars
  181:45673   warning  'v' is assigned a value but never used                                     no-unused-vars
  181:45682   warning  'b' is assigned a value but never used                                     no-unused-vars
  181:45692   warning  'M' is assigned a value but never used                                     no-unused-vars
  181:45703   warning  'R' is assigned a value but never used                                     no-unused-vars
  181:48025   warning  'X' is defined but never used                                              no-unused-vars
  181:54685   warning  'd' is assigned a value but never used                                     no-unused-vars
  181:54704   warning  'p' is assigned a value but never used                                     no-unused-vars
  232:21781   warning  'a' is assigned a value but never used                                     no-unused-vars
  232:21791   warning  'o' is assigned a value but never used                                     no-unused-vars
  232:27439   warning  'I' is assigned a value but never used                                     no-unused-vars
  232:32170   warning  'X' is assigned a value but never used                                     no-unused-vars
  232:49094   warning  'N' is assigned a value but never used                                     no-unused-vars
  232:49105   warning  'j' is assigned a value but never used                                     no-unused-vars
  232:49125   warning  'H' is assigned a value but never used                                     no-unused-vars
  232:49234   warning  'I' is assigned a value but never used                                     no-unused-vars
  232:49259   warning  'B' is assigned a value but never used                                     no-unused-vars
  232:57225   warning  'h' is assigned a value but never used                                     no-unused-vars
  232:79299   warning  'c' is defined but never used                                              no-unused-vars
  232:87108   warning  Empty block statement                                                      no-empty
  232:87201   warning  Expected a conditional expression and instead saw an assignment            no-cond-assign
  232:89244   warning  'O' is assigned a value but never used                                     no-unused-vars
  232:91564   warning  Do not access Object.prototype method 'hasOwnProperty' from target object  no-prototype-builtins
  232:93796   warning  'A' is defined but never used                                              no-unused-vars
  232:93854   warning  'A' is defined but never used                                              no-unused-vars
  232:103463  warning  'h' is defined but never used                                              no-unused-vars
  232:109011  warning  Do not access Object.prototype method 'hasOwnProperty' from target object  no-prototype-builtins
  232:113885  warning  'B' is defined but never used                                              no-unused-vars
  232:123078  warning  'B' is defined but never used                                              no-unused-vars
  232:139440  warning  'v' is defined but never used                                              no-unused-vars
  232:144361  warning  'nt' is defined but never used                                             no-unused-vars
  232:170333  warning  'E' is defined but never used                                              no-unused-vars
  232:170534  warning  Redundant double negation                                                  no-extra-boolean-cast
  232:173383  warning  Do not access Object.prototype method 'hasOwnProperty' from target object  no-prototype-builtins
  232:198281  warning  Unexpected lexical declaration in case block                               no-case-declarations
  232:200575  warning  Unexpected lexical declaration in case block                               no-case-declarations
  232:200623  warning  Unexpected lexical declaration in case block                               no-case-declarations
  232:202216  warning  Expected a conditional expression and instead saw an assignment            no-cond-assign
  232:202586  warning  Unexpected lexical declaration in case block                               no-case-declarations
  232:204856  warning  Unexpected lexical declaration in case block                               no-case-declarations
  232:204885  warning  Unexpected lexical declaration in case block                               no-case-declarations
  233:15364   warning  'q' is defined but never used                                              no-unused-vars
  241:2576    warning  Empty block statement                                                      no-empty
  241:5901    warning  Empty block statement                                                      no-empty
  246:207     warning  Expected a conditional expression and instead saw an assignment            no-cond-assign
  248:4251    warning  'r' is defined but never used                                              no-unused-vars
  248:11084   warning  Expected a 'break' statement before 'case'                                 no-fallthrough
  248:11593   warning  Unexpected constant condition                                              no-constant-condition
  248:22845   warning  Empty block statement                                                      no-empty
  248:22854   warning  Empty block statement                                                      no-empty
  248:30242   warning  Empty block statement                                                      no-empty
  248:31707   warning  Expected a conditional expression and instead saw an assignment            no-cond-assign
  248:37970   warning  Expected a conditional expression and instead saw an assignment            no-cond-assign
  248:39118   warning  Expected a conditional expression and instead saw an assignment            no-cond-assign
  248:47395   warning  Expected a conditional expression and instead saw an assignment            no-cond-assign
  248:47588   warning  Expected a 'break' statement before 'case'                                 no-fallthrough
  248:47809   warning  Expected a 'break' statement before 'case'                                 no-fallthrough
  248:53551   warning  Expected a 'break' statement before 'case'                                 no-fallthrough
  248:53823   warning  Expected a 'break' statement before 'case'                                 no-fallthrough
  248:62010   warning  Expected a 'break' statement before 'case'                                 no-fallthrough
  248:62910   warning  Empty block statement                                                      no-empty
  248:63034   warning  Expected a 'break' statement before 'case'                                 no-fallthrough
  248:63152   warning  Expected a 'break' statement before 'case'                                 no-fallthrough
  248:63171   warning  Expected a 'break' statement before 'case'                                 no-fallthrough
  248:64544   warning  Expected a 'break' statement before 'case'                                 no-fallthrough
  248:65683   warning  Expected a 'break' statement before 'case'                                 no-fallthrough
  248:65809   warning  Expected a 'break' statement before 'case'                                 no-fallthrough
  248:68143   warning  Expected a 'break' statement before 'case'                                 no-fallthrough
  248:68892   warning  Expected a 'break' statement before 'case'                                 no-fallthrough
  248:69581   warning  Expected a 'break' statement before 'case'                                 no-fallthrough
  248:76629   warning  Expected a 'break' statement before 'case'                                 no-fallthrough
  248:76944   warning  Unexpected constant condition                                              no-constant-condition
  248:79403   warning  Unexpected constant condition                                              no-constant-condition
  248:80032   warning  Expected a 'break' statement before 'case'                                 no-fallthrough
  248:80384   warning  Unexpected constant condition                                              no-constant-condition
  248:80786   warning  Expected a 'break' statement before 'default'                              no-fallthrough
  248:83057   warning  Empty block statement                                                      no-empty
  248:83450   warning  'i' is defined but never used                                              no-unused-vars
  248:83834   warning  Empty block statement                                                      no-empty
  248:100015  warning  'process' is not defined                                                   no-undef
  248:100041  warning  'process' is not defined                                                   no-undef
  252:438     warning  '__REACT_DEVTOOLS_GLOBAL_HOOK__' is not defined                            no-undef
  252:542     warning  Empty block statement                                                      no-empty
  267:400     warning  Do not access Object.prototype method 'hasOwnProperty' from target object  no-prototype-builtins
  267:493     warning  'd' is already defined                                                     no-redeclare
  267:515     warning  'h' is already defined                                                     no-redeclare
  267:564     warning  'm' is already defined                                                     no-redeclare
  267:784     warning  'm' is already defined                                                     no-redeclare
  267:1175    warning  'o' is defined but never used                                              no-unused-vars
  267:1684    warning  'a' is defined but never used                                              no-unused-vars
  267:1686    warning  'o' is defined but never used                                              no-unused-vars
  267:1796    warning  't' is defined but never used                                              no-unused-vars
  267:1798    warning  'a' is defined but never used                                              no-unused-vars
  267:1800    warning  'o' is defined but never used                                              no-unused-vars
  267:1900    warning  't' is defined but never used                                              no-unused-vars
  267:1902    warning  'a' is defined but never used                                              no-unused-vars
  267:1904    warning  'o' is defined but never used                                              no-unused-vars
  267:1906    warning  's' is defined but never used                                              no-unused-vars
  267:1946    warning  't' is defined but never used                                              no-unused-vars
  267:1962    warning  't' is defined but never used                                              no-unused-vars
  267:1964    warning  'a' is defined but never used                                              no-unused-vars
  267:2096    warning  't' is defined but never used                                              no-unused-vars
  267:2098    warning  'a' is defined but never used                                              no-unused-vars
  267:2577    warning  't' is defined but never used                                              no-unused-vars
  267:2579    warning  'a' is defined but never used                                              no-unused-vars
  267:2581    warning  'o' is defined but never used                                              no-unused-vars
  267:2658    warning  't' is defined but never used                                              no-unused-vars
  267:2730    warning  't' is defined but never used                                              no-unused-vars
  267:2732    warning  'a' is defined but never used                                              no-unused-vars
  267:2748    warning  't' is defined but never used                                              no-unused-vars
  267:7455    warning  'a' is defined but never used                                              no-unused-vars
  270:7522    warning  'At' is defined but never used                                             no-unused-vars

/home/runner/work/exp-consensus-algorithms-au/exp-consensus-algorithms-au/experiment/simulation/js/index-pAKgd8XW.js
     57:7   warning  'global' is not defined                                                    no-undef
    361:20  warning  'process' is not defined                                                   no-undef
    363:13  warning  'process' is not defined                                                   no-undef
    674:43  warning  'setImmediate' is not defined                                              no-undef
    737:17  warning  Unreachable code                                                           no-unreachable
   1084:16  warning  '__REACT_DEVTOOLS_GLOBAL_HOOK__' is not defined                            no-undef
   1088:9   warning  '__REACT_DEVTOOLS_GLOBAL_HOOK__' is not defined                            no-undef
   1289:19  warning  Empty block statement                                                      no-empty
   1371:15  warning  Empty block statement                                                      no-empty
   1694:12  warning  Unexpected combined character in character class                           no-misleading-character-class
   1893:13  warning  Expected a conditional expression and instead saw an assignment            no-cond-assign
   1964:10  warning  Do not access Object.prototype method 'hasOwnProperty' from target object  no-prototype-builtins
   2092:16  warning  Do not access Object.prototype method 'hasOwnProperty' from target object  no-prototype-builtins
   2168:12  warning  Do not access Object.prototype method 'hasOwnProperty' from target object  no-prototype-builtins
   2169:27  warning  Do not access Object.prototype method 'hasOwnProperty' from target object  no-prototype-builtins
   2176:23  warning  Do not access Object.prototype method 'hasOwnProperty' from target object  no-prototype-builtins
   2177:31  warning  Do not access Object.prototype method 'hasOwnProperty' from target object  no-prototype-builtins
   2276:7   warning  Unexpected control character(s) in regular expression: \x00, \x1f          no-control-regex
   2410:9   warning  Expected to return a value in method 'get'                                 getter-return
   2460:11  warning  Do not access Object.prototype method 'hasOwnProperty' from target object  no-prototype-builtins
   2479:41  warning  Invalid typeof comparison value                                            valid-typeof
   2487:42  warning  Invalid typeof comparison value                                            valid-typeof
   2624:10  warning  Expected a conditional expression and instead saw an assignment            no-cond-assign
   3012:24  warning  Do not access Object.prototype method 'hasOwnProperty' from target object  no-prototype-builtins
   3878:15  warning  Expected a 'break' statement before 'case'                                 no-fallthrough
   3915:16  warning  Unexpected constant condition                                              no-constant-condition
   4730:17  warning  Empty block statement                                                      no-empty
   4731:19  warning  Empty block statement                                                      no-empty
   5399:17  warning  Empty block statement                                                      no-empty
   5543:20  warning  'process' is not defined                                                   no-undef
   5545:13  warning  'process' is not defined                                                   no-undef
   5922:14  warning  Expected a conditional expression and instead saw an assignment            no-cond-assign
   5971:12  warning  Expected a conditional expression and instead saw an assignment            no-cond-assign
   6512:16  warning  Expected a conditional expression and instead saw an assignment            no-cond-assign
   7556:7   warning  Expected a 'break' statement before 'case'                                 no-fallthrough
   7613:15  warning  Empty block statement                                                      no-empty
   7634:7   warning  Expected a 'break' statement before 'case'                                 no-fallthrough
   8028:42  warning  Do not access Object.prototype method 'hasOwnProperty' from target object  no-prototype-builtins
   8159:9   warning  Expected a 'break' statement before 'case'                                 no-fallthrough
   8214:9   warning  Expected a 'break' statement before 'case'                                 no-fallthrough
   8628:13  warning  Expected a 'break' statement before 'case'                                 no-fallthrough
   8652:14  warning  Unexpected constant condition                                              no-constant-condition
   8825:12  warning  Unexpected constant condition                                              no-constant-condition
   8883:17  warning  Expected a 'break' statement before 'case'                                 no-fallthrough
   8914:12  warning  Unexpected constant condition                                              no-constant-condition
   8943:7   warning  Expected a 'break' statement before 'default'                              no-fallthrough
   9177:17  warning  Empty block statement                                                      no-empty
   9204:14  warning  'e' is defined but never used                                              no-unused-vars
   9232:17  warning  Empty block statement                                                      no-empty
   9334:18  warning  'n' is defined but never used                                              no-unused-vars
   9506:16  warning  Expected a conditional expression and instead saw an assignment            no-cond-assign
   9728:13  warning  Expected a 'break' statement before 'case'                                 no-fallthrough
   9744:13  warning  Expected a 'break' statement before 'case'                                 no-fallthrough
   9843:20  warning  Expected a conditional expression and instead saw an assignment            no-cond-assign
   9948:11  warning  Expected a 'break' statement before 'case'                                 no-fallthrough
  10045:10  warning  Unexpected control character(s) in regular expression: \x00                no-control-regex
  10089:7   warning  Expected a 'break' statement before 'case'                                 no-fallthrough
  10324:17  warning  Do not access Object.prototype method 'hasOwnProperty' from target object  no-prototype-builtins
  10369:17  warning  Do not access Object.prototype method 'hasOwnProperty' from target object  no-prototype-builtins
  10395:17  warning  Do not access Object.prototype method 'hasOwnProperty' from target object  no-prototype-builtins
  10430:17  warning  Do not access Object.prototype method 'hasOwnProperty' from target object  no-prototype-builtins
  10440:15  warning  Expected a 'break' statement before 'default'                              no-fallthrough
  10451:17  warning  Do not access Object.prototype method 'hasOwnProperty' from target object  no-prototype-builtins
  10472:17  warning  Do not access Object.prototype method 'hasOwnProperty' from target object  no-prototype-builtins
  10503:7   warning  Expected a 'break' statement before 'case'                                 no-fallthrough
  10515:17  warning  Do not access Object.prototype method 'hasOwnProperty' from target object  no-prototype-builtins
  10527:15  warning  Do not access Object.prototype method 'hasOwnProperty' from target object  no-prototype-builtins
  10533:9   warning  Do not access Object.prototype method 'hasOwnProperty' from target object  no-prototype-builtins
  10556:17  warning  Do not access Object.prototype method 'hasOwnProperty' from target object  no-prototype-builtins
  10564:15  warning  Expected a 'break' statement before 'default'                              no-fallthrough
  10565:19  warning  Do not access Object.prototype method 'hasOwnProperty' from target object  no-prototype-builtins
  10571:30  warning  Do not access Object.prototype method 'hasOwnProperty' from target object  no-prototype-builtins
  10605:31  warning  Do not access Object.prototype method 'hasOwnProperty' from target object  no-prototype-builtins
  10611:15  warning  Expected a 'break' statement before 'default'                              no-fallthrough
  10612:19  warning  Do not access Object.prototype method 'hasOwnProperty' from target object  no-prototype-builtins
  10618:15  warning  Do not access Object.prototype method 'hasOwnProperty' from target object  no-prototype-builtins
  10629:15  warning  Expected a 'break' statement before 'default'                              no-fallthrough
  10645:15  warning  Do not access Object.prototype method 'hasOwnProperty' from target object  no-prototype-builtins
  10645:52  warning  Do not access Object.prototype method 'hasOwnProperty' from target object  no-prototype-builtins
  10659:15  warning  Do not access Object.prototype method 'hasOwnProperty' from target object  no-prototype-builtins
  10682:15  warning  Do not access Object.prototype method 'hasOwnProperty' from target object  no-prototype-builtins
  10682:54  warning  Do not access Object.prototype method 'hasOwnProperty' from target object  no-prototype-builtins
  10695:15  warning  Do not access Object.prototype method 'hasOwnProperty' from target object  no-prototype-builtins
  10723:15  warning  Do not access Object.prototype method 'hasOwnProperty' from target object  no-prototype-builtins
  10725:18  warning  Do not access Object.prototype method 'hasOwnProperty' from target object  no-prototype-builtins
  10731:15  warning  Do not access Object.prototype method 'hasOwnProperty' from target object  no-prototype-builtins
  10746:17  warning  Do not access Object.prototype method 'hasOwnProperty' from target object  no-prototype-builtins
  10748:20  warning  Do not access Object.prototype method 'hasOwnProperty' from target object  no-prototype-builtins
  10753:18  warning  Do not access Object.prototype method 'hasOwnProperty' from target object  no-prototype-builtins
  10762:11  warning  Do not access Object.prototype method 'hasOwnProperty' from target object  no-prototype-builtins
  10764:14  warning  Do not access Object.prototype method 'hasOwnProperty' from target object  no-prototype-builtins
  10769:12  warning  Do not access Object.prototype method 'hasOwnProperty' from target object  no-prototype-builtins
  11221:14  warning  Expected a conditional expression and instead saw an assignment            no-cond-assign
  11375:14  warning  Expected a conditional expression and instead saw an assignment            no-cond-assign
  12123:14  warning  '__REACT_DEVTOOLS_GLOBAL_HOOK__' is not defined                            no-undef
  12127:15  warning  Empty block statement                                                      no-empty
  12201:16  warning  '__REACT_DEVTOOLS_GLOBAL_HOOK__' is not defined                            no-undef
  12205:9   warning  '__REACT_DEVTOOLS_GLOBAL_HOOK__' is not defined                            no-undef
  12334:16  warning  'a' is defined but never used                                              no-unused-vars
  12487:19  warning  'o' is defined but never used                                              no-unused-vars
  12682:9   warning  Unexpected lexical declaration in case block                               no-case-declarations
  13048:6   warning  'Y1' is a function                                                         no-func-assign
  13113:19  warning  Empty block statement                                                      no-empty
  13150:11  warning  Expected a conditional expression and instead saw an assignment            no-cond-assign
  13331:7   warning  Expected a 'break' statement before 'case'                                 no-fallthrough
  13357:7   warning  Expected a 'break' statement before 'case'                                 no-fallthrough
  13364:11  warning  Expected a 'break' statement before 'case'                                 no-fallthrough
  13377:11  warning  Expected a 'break' statement before 'default'                              no-fallthrough
  13409:7   warning  Expected a 'break' statement before 'default'                              no-fallthrough
  13457:5   warning  Expected a 'break' statement before 'case'                                 no-fallthrough
  13514:9   warning  Expected a 'break' statement before 'default'                              no-fallthrough
  13673:11  warning  Expected a 'break' statement before 'case'                                 no-fallthrough
  13693:5   warning  Expected a 'break' statement before 'case'                                 no-fallthrough
  14040:19  warning  Empty block statement                                                      no-empty
  14089:5   warning  Expected a 'break' statement before 'case'                                 no-fallthrough
  14091:5   warning  Expected a 'break' statement before 'case'                                 no-fallthrough
  15193:22  warning  's' is defined but never used                                              no-unused-vars
  15803:25  warning  'd' is assigned a value but never used                                     no-unused-vars
  15926:13  warning  't' is defined but never used                                              no-unused-vars
  15926:16  warning  'a' is defined but never used                                              no-unused-vars
  16036:12  warning  'a' is defined but never used                                              no-unused-vars
  16100:19  warning  'o' is defined but never used                                              no-unused-vars
  16113:19  warning  'o' is defined but never used                                              no-unused-vars
  16129:19  warning  'o' is defined but never used                                              no-unused-vars
  16139:19  warning  'o' is defined but never used                                              no-unused-vars
  16274:19  warning  'h' is assigned a value but never used                                     no-unused-vars
  16836:8   warning  Do not access Object.prototype method 'hasOwnProperty' from target object  no-prototype-builtins
  16846:8   warning  Do not access Object.prototype method 'hasOwnProperty' from target object  no-prototype-builtins
  16921:10  warning  Do not access Object.prototype method 'hasOwnProperty' from target object  no-prototype-builtins
  17128:12  warning  'v' is assigned a value but never used                                     no-unused-vars
  17229:18  warning  'o' is assigned a value but never used                                     no-unused-vars
  17231:14  warning  'c' is assigned a value but never used                                     no-unused-vars
  17235:12  warning  'm' is assigned a value but never used                                     no-unused-vars
  17371:13  warning  Empty block statement                                                      no-empty
  17939:16  warning  'a' is defined but never used                                              no-unused-vars
  17970:44  warning  's' is assigned a value but never used                                     no-unused-vars
  17970:54  warning  'c' is assigned a value but never used                                     no-unused-vars
  18096:6   warning  'h2' is a function                                                         no-func-assign
  18743:36  warning  'tt' is defined but never used                                             no-unused-vars
  19001:11  warning  Empty block statement                                                      no-empty
  19377:32  warning  'C' is assigned a value but never used                                     no-unused-vars
  19538:12  warning  Do not access Object.prototype method 'hasOwnProperty' from target object  no-prototype-builtins
  20457:36  warning  Do not access Object.prototype method 'hasOwnProperty' from target object  no-prototype-builtins
  20702:13  warning  Do not access Object.prototype method 'hasOwnProperty' from target object  no-prototype-builtins
  20703:11  warning  Do not access Object.prototype method 'hasOwnProperty' from target object  no-prototype-builtins
  20717:12  warning  'B' is assigned to itself                                                  no-self-assign
  21715:21  warning  'R' is assigned a value but never used                                     no-unused-vars
  22749:16  warning  'm' is assigned a value but never used                                     no-unused-vars
  22756:16  warning  'R' is assigned a value but never used                                     no-unused-vars
  22762:17  warning  'N' is assigned a value but never used                                     no-unused-vars
  22777:15  warning  'H' is assigned a value but never used                                     no-unused-vars
  22788:27  warning  'Xt' is defined but never used                                             no-unused-vars
  23214:35  warning  'W' is defined but never used                                              no-unused-vars
  24154:22  warning  Do not access Object.prototype method 'hasOwnProperty' from target object  no-prototype-builtins
  24287:18  warning  'p' is assigned a value but never used                                     no-unused-vars
  24303:18  warning  'B' is assigned a value but never used                                     no-unused-vars
  24304:28  warning  'Y' is assigned a value but never used                                     no-unused-vars
  24305:29  warning  'G' is assigned a value but never used                                     no-unused-vars
  24309:16  warning  'D' is assigned a value but never used                                     no-unused-vars
  24782:19  warning  'c' is assigned a value but never used                                     no-unused-vars
  25267:22  warning  'm' is assigned a value but never used                                     no-unused-vars
  25527:19  warning  'h' is assigned a value but never used                                     no-unused-vars
  25528:16  warning  'm' is assigned a value but never used                                     no-unused-vars
  25529:17  warning  'v' is assigned a value but never used                                     no-unused-vars
  25530:18  warning  'b' is assigned a value but never used                                     no-unused-vars
  25531:17  warning  'A' is assigned a value but never used                                     no-unused-vars
  25532:19  warning  'E' is assigned a value but never used                                     no-unused-vars
  25533:18  warning  'C' is assigned a value but never used                                     no-unused-vars
  25667:16  warning  'p' is assigned a value but never used                                     no-unused-vars
  25669:19  warning  'm' is assigned a value but never used                                     no-unused-vars
  25670:16  warning  'v' is assigned a value but never used                                     no-unused-vars
  25671:17  warning  'b' is assigned a value but never used                                     no-unused-vars
  25672:18  warning  'A' is assigned a value but never used                                     no-unused-vars
  25673:19  warning  'E' is assigned a value but never used                                     no-unused-vars
  25829:35  warning  'X' is defined but never used                                              no-unused-vars
  26253:17  warning  'd' is assigned a value but never used                                     no-unused-vars
  26255:18  warning  'h' is assigned a value but never used                                     no-unused-vars
  27674:17  warning  'a' is assigned a value but never used                                     no-unused-vars
  27675:16  warning  'o' is assigned a value but never used                                     no-unused-vars
  28040:15  warning  'W' is assigned a value but never used                                     no-unused-vars
  28325:15  warning  'X' is assigned a value but never used                                     no-unused-vars
  29329:15  warning  'N' is assigned a value but never used                                     no-unused-vars
  29330:19  warning  'B' is assigned a value but never used                                     no-unused-vars
  29331:28  warning  'Y' is assigned a value but never used                                     no-unused-vars
  29339:19  warning  'W' is assigned a value but never used                                     no-unused-vars
  29341:16  warning  'U' is assigned a value but never used                                     no-unused-vars
  29830:18  warning  'p' is assigned a value but never used                                     no-unused-vars
  31458:50  warning  'c' is defined but never used                                              no-unused-vars
  31894:21  warning  Empty block statement                                                      no-empty
  32014:22  warning  'M' is assigned a value but never used                                     no-unused-vars
  32181:21  warning  Do not access Object.prototype method 'hasOwnProperty' from target object  no-prototype-builtins
  32332:11  warning  'O' is defined but never used                                              no-unused-vars
  32336:13  warning  'O' is defined but never used                                              no-unused-vars
  32873:44  warning  'p' is defined but never used                                              no-unused-vars
  33208:19  warning  Do not access Object.prototype method 'hasOwnProperty' from target object  no-prototype-builtins
  33473:19  warning  'U' is defined but never used                                              no-unused-vars
  33990:18  warning  'U' is defined but never used                                              no-unused-vars
  34847:17  warning  'v' is defined but never used                                              no-unused-vars
  35134:22  warning  'lt' is defined but never used                                             no-unused-vars
  36479:24  warning  'R' is defined but never used                                              no-unused-vars
  36490:7   warning  Redundant double negation                                                  no-extra-boolean-cast
  36661:28  warning  Do not access Object.prototype method 'hasOwnProperty' from target object  no-prototype-builtins
  37844:13  warning  Unexpected lexical declaration in case block                               no-case-declarations
  37997:11  warning  Unexpected lexical declaration in case block                               no-case-declarations
  38003:11  warning  Unexpected lexical declaration in case block                               no-case-declarations
  38128:15  warning  Unexpected lexical declaration in case block                               no-case-declarations
  38319:11  warning  Unexpected lexical declaration in case block                               no-case-declarations
  38322:11  warning  Unexpected lexical declaration in case block                               no-case-declarations
  40322:32  warning  'P' is defined but never used                                              no-unused-vars
  42483:27  warning  Empty block statement                                                      no-empty
  42751:23  warning  Empty block statement                                                      no-empty
  42891:21  warning  Expected a conditional expression and instead saw an assignment            no-cond-assign
  43215:26  warning  'r' is defined but never used                                              no-unused-vars
  43712:23  warning  Expected a 'break' statement before 'case'                                 no-fallthrough
  43752:24  warning  Unexpected constant condition                                              no-constant-condition
  44572:25  warning  Empty block statement                                                      no-empty
  44573:27  warning  Empty block statement                                                      no-empty
  45020:25  warning  Empty block statement                                                      no-empty
  45495:22  warning  Expected a conditional expression and instead saw an assignment            no-cond-assign
  45546:20  warning  Expected a conditional expression and instead saw an assignment            no-cond-assign
  46088:26  warning  Expected a conditional expression and instead saw an assignment            no-cond-assign
  46105:15  warning  Expected a 'break' statement before 'case'                                 no-fallthrough
  46122:15  warning  Expected a 'break' statement before 'case'                                 no-fallthrough
  46492:15  warning  Expected a 'break' statement before 'case'                                 no-fallthrough
  46513:15  warning  Expected a 'break' statement before 'case'                                 no-fallthrough
  47144:15  warning  Expected a 'break' statement before 'case'                                 no-fallthrough
  47204:23  warning  Empty block statement                                                      no-empty
  47215:15  warning  Expected a 'break' statement before 'case'                                 no-fallthrough
  47227:15  warning  Expected a 'break' statement before 'case'                                 no-fallthrough
  47229:15  warning  Expected a 'break' statement before 'case'                                 no-fallthrough
  47353:23  warning  Expected a 'break' statement before 'case'                                 no-fallthrough
  47429:15  warning  Expected a 'break' statement before 'case'                                 no-fallthrough
  47439:15  warning  Expected a 'break' statement before 'case'                                 no-fallthrough
  47632:21  warning  Expected a 'break' statement before 'case'                                 no-fallthrough
  47688:17  warning  Expected a 'break' statement before 'case'                                 no-fallthrough
  47751:17  warning  Expected a 'break' statement before 'case'                                 no-fallthrough
  48254:21  warning  Expected a 'break' statement before 'case'                                 no-fallthrough
  48294:22  warning  Unexpected constant condition                                              no-constant-condition
  48481:20  warning  Unexpected constant condition                                              no-constant-condition
  48539:25  warning  Expected a 'break' statement before 'case'                                 no-fallthrough
  48572:20  warning  Unexpected constant condition                                              no-constant-condition
  48601:15  warning  Expected a 'break' statement before 'default'                              no-fallthrough
  48783:25  warning  Empty block statement                                                      no-empty
  48815:23  warning  'i' is defined but never used                                              no-unused-vars
  48844:25  warning  Empty block statement                                                      no-empty
  49797:30  warning  'process' is not defined                                                   no-undef
  49799:23  warning  'process' is not defined                                                   no-undef
  50153:25  warning  '__REACT_DEVTOOLS_GLOBAL_HOOK__' is not defined                            no-undef
  50158:27  warning  Empty block statement                                                      no-empty
  50293:18  warning  Do not access Object.prototype method 'hasOwnProperty' from target object  no-prototype-builtins
  50300:12  warning  'd' is already defined                                                     no-redeclare
  50302:11  warning  'p' is already defined                                                     no-redeclare
  50305:13  warning  'm' is already defined                                                     no-redeclare
  50315:12  warning  'm' is already defined                                                     no-redeclare
  50337:19  warning  'o' is defined but never used                                              no-unused-vars
  50354:16  warning  'a' is defined but never used                                              no-unused-vars
  50354:19  warning  'o' is defined but never used                                              no-unused-vars
  50359:13  warning  't' is defined but never used                                              no-unused-vars
  50359:16  warning  'a' is defined but never used                                              no-unused-vars
  50359:19  warning  'o' is defined but never used                                              no-unused-vars
  50371:13  warning  't' is defined but never used                                              no-unused-vars
  50371:16  warning  'a' is defined but never used                                              no-unused-vars
  50371:19  warning  'o' is defined but never used                                              no-unused-vars
  50371:22  warning  's' is defined but never used                                              no-unused-vars
  50375:13  warning  't' is defined but never used                                              no-unused-vars
  50376:13  warning  't' is defined but never used                                              no-unused-vars
  50376:16  warning  'a' is defined but never used                                              no-unused-vars
  50392:13  warning  't' is defined but never used                                              no-unused-vars
  50392:16  warning  'a' is defined but never used                                              no-unused-vars
  50423:13  warning  't' is defined but never used                                              no-unused-vars
  50423:16  warning  'a' is defined but never used                                              no-unused-vars
  50423:19  warning  'o' is defined but never used                                              no-unused-vars
  50430:13  warning  't' is defined but never used                                              no-unused-vars
  50434:13  warning  't' is defined but never used                                              no-unused-vars
  50434:16  warning  'a' is defined but never used                                              no-unused-vars
  50435:13  warning  't' is defined but never used                                              no-unused-vars
  50751:15  warning  'a' is defined but never used                                              no-unused-vars
  51396:40  warning  'De' is defined but never used                                             no-unused-vars

/home/runner/work/exp-consensus-algorithms-au/exp-consensus-algorithms-au/experiment/simulation/js/main.2721b613.js
     252:13  warning  Expected a 'break' statement before 'case'                                 no-fallthrough
     295:15  warning  Expected a 'break' statement before 'case'                                 no-fallthrough
     321:15  warning  Expected a 'break' statement before 'case'                                 no-fallthrough
     328:19  warning  Expected a 'break' statement before 'case'                                 no-fallthrough
     341:19  warning  Expected a 'break' statement before 'default'                              no-fallthrough
     377:15  warning  Expected a 'break' statement before 'default'                              no-fallthrough
     455:21  warning  Expected a 'break' statement before 'default'                              no-fallthrough
     630:19  warning  Expected a 'break' statement before 'case'                                 no-fallthrough
     650:13  warning  Expected a 'break' statement before 'case'                                 no-fallthrough
     700:37  warning  Expected a conditional expression and instead saw an assignment            no-cond-assign
    1107:17  warning  Expected a 'break' statement before 'case'                                 no-fallthrough
    1109:17  warning  Expected a 'break' statement before 'case'                                 no-fallthrough
    1183:23  warning  'e' is defined but never used                                              no-unused-vars
    1183:26  warning  't' is defined but never used                                              no-unused-vars
    1216:14  warning  'I' is assigned a value but never used                                     no-unused-vars
    1217:14  warning  'h' is assigned a value but never used                                     no-unused-vars
    1218:14  warning  'A' is assigned a value but never used                                     no-unused-vars
    1219:14  warning  'p' is assigned a value but never used                                     no-unused-vars
    1220:14  warning  'f' is assigned a value but never used                                     no-unused-vars
    1222:18  warning  'v' is defined but never used                                              no-unused-vars
    1563:16  warning  Do not access Object.prototype method 'hasOwnProperty' from target object  no-prototype-builtins
    1653:20  warning  Do not access Object.prototype method 'hasOwnProperty' from target object  no-prototype-builtins
    2341:26  warning  Expected a conditional expression and instead saw an assignment            no-cond-assign
    2341:31  warning  Expected a conditional expression and instead saw an assignment            no-cond-assign
    2848:27  warning  'e' is defined but never used                                              no-unused-vars
    2848:30  warning  't' is defined but never used                                              no-unused-vars
    2876:27  warning  'e' is defined but never used                                              no-unused-vars
    2876:30  warning  't' is defined but never used                                              no-unused-vars
    2908:27  warning  'e' is defined but never used                                              no-unused-vars
    2908:30  warning  't' is defined but never used                                              no-unused-vars
    2908:33  warning  'n' is defined but never used                                              no-unused-vars
    2908:36  warning  'i' is defined but never used                                              no-unused-vars
    2908:39  warning  'r' is defined but never used                                              no-unused-vars
    3032:23  warning  Empty block statement                                                      no-empty
    3605:29  warning  'i' is defined but never used                                              no-unused-vars
    4501:29  warning  Empty block statement                                                      no-empty
    4677:13  warning  Unexpected combined character in character class                           no-misleading-character-class
    4735:19  warning  Unnecessary escape character: \-                                           no-useless-escape
    4740:21  warning  Do not access Object.prototype method 'hasOwnProperty' from target object  no-prototype-builtins
    4955:19  warning  Expected a conditional expression and instead saw an assignment            no-cond-assign
    5021:29  warning  Empty block statement                                                      no-empty
    5107:20  warning  Do not access Object.prototype method 'hasOwnProperty' from target object  no-prototype-builtins
    5200:13  warning  Do not access Object.prototype method 'hasOwnProperty' from target object  no-prototype-builtins
    5202:17  warning  Do not access Object.prototype method 'hasOwnProperty' from target object  no-prototype-builtins
    5209:17  warning  Do not access Object.prototype method 'hasOwnProperty' from target object  no-prototype-builtins
    5209:46  warning  Do not access Object.prototype method 'hasOwnProperty' from target object  no-prototype-builtins
    5238:22  warning  Do not access Object.prototype method 'hasOwnProperty' from target object  no-prototype-builtins
    5330:45  warning  'MSApp' is not defined                                                     no-undef
    5331:33  warning  'n' is defined but never used                                              no-unused-vars
    5331:36  warning  'i' is defined but never used                                              no-unused-vars
    5332:19  warning  'MSApp' is not defined                                                     no-undef
    5397:19  warning  Do not access Object.prototype method 'hasOwnProperty' from target object  no-prototype-builtins
    5403:19  warning  Do not access Object.prototype method 'hasOwnProperty' from target object  no-prototype-builtins
    5553:15  warning  Expected to return a value in method 'get'                                 getter-return
    5562:30  warning  'i' is defined but never used                                              no-unused-vars
    5562:33  warning  'r' is defined but never used                                              no-unused-vars
    5562:36  warning  'a' is defined but never used                                              no-unused-vars
    5562:39  warning  'o' is defined but never used                                              no-unused-vars
    5562:42  warning  's' is defined but never used                                              no-unused-vars
    5562:45  warning  'l' is defined but never used                                              no-unused-vars
    5579:21  warning  'e' is defined but never used                                              no-unused-vars
    5579:24  warning  't' is defined but never used                                              no-unused-vars
    5579:27  warning  'n' is defined but never used                                              no-unused-vars
    5579:30  warning  'i' is defined but never used                                              no-unused-vars
    5579:33  warning  'r' is defined but never used                                              no-unused-vars
    5579:36  warning  'a' is defined but never used                                              no-unused-vars
    5579:39  warning  'o' is defined but never used                                              no-unused-vars
    5579:42  warning  's' is defined but never used                                              no-unused-vars
    5579:45  warning  'l' is defined but never used                                              no-unused-vars
    6188:17  warning  Do not access Object.prototype method 'hasOwnProperty' from target object  no-prototype-builtins
    6209:23  warning  Invalid typeof comparison value                                            valid-typeof
    6218:23  warning  Invalid typeof comparison value                                            valid-typeof
    6757:19  warning  Do not access Object.prototype method 'hasOwnProperty' from target object  no-prototype-builtins
    6840:24  warning  'e' is defined but never used                                              no-unused-vars
    6840:27  warning  't' is defined but never used                                              no-unused-vars
    6840:30  warning  'n' is defined but never used                                              no-unused-vars
    6840:33  warning  'i' is defined but never used                                              no-unused-vars
    6840:36  warning  'r' is defined but never used                                              no-unused-vars
    6840:39  warning  'o' is defined but never used                                              no-unused-vars
    6840:42  warning  's' is defined but never used                                              no-unused-vars
    6840:45  warning  'l' is defined but never used                                              no-unused-vars
    6840:48  warning  'g' is defined but never used                                              no-unused-vars
    6970:19  warning  Expected a 'break' statement before 'case'                                 no-fallthrough
    6986:19  warning  Expected a 'break' statement before 'case'                                 no-fallthrough
    7075:26  warning  Expected a conditional expression and instead saw an assignment            no-cond-assign
    7081:31  warning  Expected a conditional expression and instead saw an assignment            no-cond-assign
    7174:17  warning  Expected a 'break' statement before 'case'                                 no-fallthrough
    7294:16  warning  Unexpected control character(s) in regular expression: \x00                no-control-regex
    7903:21  warning  Expected a 'break' statement before 'case'                                 no-fallthrough
    8027:23  warning  Expected a conditional expression and instead saw an assignment            no-cond-assign
    8466:20  warning  Expected a conditional expression and instead saw an assignment            no-cond-assign
    8919:27  warning  Empty block statement                                                      no-empty
    9376:20  warning  Expected a conditional expression and instead saw an assignment            no-cond-assign
    9423:18  warning  Expected a conditional expression and instead saw an assignment            no-cond-assign
    9933:27  warning  Do not access Object.prototype method 'hasOwnProperty' from target object  no-prototype-builtins
    9946:29  warning  Do not access Object.prototype method 'hasOwnProperty' from target object  no-prototype-builtins
   10028:29  warning  Do not access Object.prototype method 'hasOwnProperty' from target object  no-prototype-builtins
   10041:32  warning  Do not access Object.prototype method 'hasOwnProperty' from target object  no-prototype-builtins
   10370:24  warning  Do not access Object.prototype method 'hasOwnProperty' from target object  no-prototype-builtins
   10370:47  warning  Do not access Object.prototype method 'hasOwnProperty' from target object  no-prototype-builtins
   10374:25  warning  Do not access Object.prototype method 'hasOwnProperty' from target object  no-prototype-builtins
   10381:26  warning  Do not access Object.prototype method 'hasOwnProperty' from target object  no-prototype-builtins
   10388:21  warning  Do not access Object.prototype method 'hasOwnProperty' from target object  no-prototype-builtins
   10393:28  warning  Do not access Object.prototype method 'hasOwnProperty' from target object  no-prototype-builtins
   10394:35  warning  Do not access Object.prototype method 'hasOwnProperty' from target object  no-prototype-builtins
   10397:27  warning  Do not access Object.prototype method 'hasOwnProperty' from target object  no-prototype-builtins
   10411:28  warning  Do not access Object.prototype method 'hasOwnProperty' from target object  no-prototype-builtins
   10559:25  warning  Empty block statement                                                      no-empty
   10563:13  warning  Expected a 'break' statement before 'case'                                 no-fallthrough
   10882:35  warning  Do not access Object.prototype method 'hasOwnProperty' from target object  no-prototype-builtins
   10919:13  warning  Expected a 'break' statement before 'case'                                 no-fallthrough
   11910:35  warning  Empty block statement                                                      no-empty
   12049:31  warning  Empty block statement                                                      no-empty
   12918:12  warning  'Re' is a function                                                         no-func-assign
   12919:12  warning  'xe' is a function                                                         no-func-assign
   12961:20  warning  '__REACT_DEVTOOLS_GLOBAL_HOOK__' is not defined                            no-undef
   12965:26  warning  Empty block statement                                                      no-empty
   13075:35  warning  '__REACT_DEVTOOLS_GLOBAL_HOOK__' is not defined                            no-undef
   13078:15  warning  '__REACT_DEVTOOLS_GLOBAL_HOOK__' is not defined                            no-undef
   13152:53  warning  'setImmediate' is not defined                                              no-undef
   13547:31  warning  Empty block statement                                                      no-empty
   13861:21  warning  Expected a conditional expression and instead saw an assignment            no-cond-assign
   14372:23  warning  Expected a 'break' statement before 'case'                                 no-fallthrough
   14499:25  warning  Expected a conditional expression and instead saw an assignment            no-cond-assign
   15523:29  warning  Empty block statement                                                      no-empty
   16455:22  warning  Expected a conditional expression and instead saw an assignment            no-cond-assign
   16502:20  warning  Expected a conditional expression and instead saw an assignment            no-cond-assign
   16994:27  warning  Empty block statement                                                      no-empty
   18429:37  warning  Empty block statement                                                      no-empty
   18569:33  warning  Empty block statement                                                      no-empty
   19496:25  warning  '__REACT_DEVTOOLS_GLOBAL_HOOK__' is not defined                            no-undef
   19501:31  warning  Empty block statement                                                      no-empty
   19853:24  warning  't' is defined but never used                                              no-unused-vars
   19987:31  warning  Do not access Object.prototype method 'hasOwnProperty' from target object  no-prototype-builtins
   20108:51  warning  'o' is defined but never used                                              no-unused-vars
   20204:24  warning  't' is defined but never used                                              no-unused-vars
   20224:24  warning  't' is defined but never used                                              no-unused-vars
   20251:24  warning  't' is defined but never used                                              no-unused-vars
   20255:24  warning  't' is defined but never used                                              no-unused-vars
   20255:27  warning  'n' is defined but never used                                              no-unused-vars
   20257:35  warning  'e' is defined but never used                                              no-unused-vars
   20257:38  warning  't' is defined but never used                                              no-unused-vars
   20257:41  warning  'n' is defined but never used                                              no-unused-vars
   20257:44  warning  'i' is defined but never used                                              no-unused-vars
   20257:47  warning  'r' is defined but never used                                              no-unused-vars
   20439:21  warning  'e' is defined but never used                                              no-unused-vars
   20439:24  warning  't' is defined but never used                                              no-unused-vars
   20499:30  warning  Unsafe usage of ThrowStatement                                             no-unsafe-finally
   20561:32  warning  Unsafe usage of ThrowStatement                                             no-unsafe-finally
   20656:32  warning  Do not access Object.prototype method 'hasOwnProperty' from target object  no-prototype-builtins
   20734:34  warning  Do not access Object.prototype method 'hasOwnProperty' from target object  no-prototype-builtins
   20947:22  warning  Do not access Object.prototype method 'hasOwnProperty' from target object  no-prototype-builtins
   21137:53  warning  'setImmediate' is not defined                                              no-undef
   21587:14  warning  'i' is a function                                                          no-func-assign
   21700:23  warning  Unsafe usage of ReturnStatement                                            no-unsafe-finally
   21702:28  warning  Unsafe usage of ThrowStatement                                             no-unsafe-finally
   21766:14  warning  'i' is a function                                                          no-func-assign
   21812:29  warning  'n' is defined but never used                                              no-unused-vars
   21907:29  warning  'e' is defined but never used                                              no-unused-vars
   21922:32  warning  'o' is defined but never used                                              no-unused-vars
   23304:12  warning  'G' is a function                                                          no-func-assign
   25285:20  warning  Do not access Object.prototype method 'hasOwnProperty' from target object  no-prototype-builtins
   25358:31  warning  Do not access Object.prototype method 'hasOwnProperty' from target object  no-prototype-builtins
   25839:19  warning  Expected a conditional expression and instead saw an assignment            no-cond-assign
   26343:41  warning  Unexpected comma in middle of array                                        no-sparse-arrays
   26356:25  warning  Expected a 'break' statement before 'case'                                 no-fallthrough
   26476:11  warning  'On' is defined but never used                                             no-unused-vars
   26642:38  warning  't' is defined but never used                                              no-unused-vars
   28069:19  warning  'e' is defined but never used                                              no-unused-vars
   28069:22  warning  't' is defined but never used                                              no-unused-vars
   28069:25  warning  'n' is defined but never used                                              no-unused-vars
   28071:12  warning  'lr' is a function                                                         no-func-assign
   28130:22  warning  Unsafe usage of ThrowStatement                                             no-unsafe-finally
   28170:12  warning  'hr' is a function                                                         no-func-assign
   28203:12  warning  'mr' is a function                                                         no-func-assign
   28270:12  warning  'yr' is a function                                                         no-func-assign
   28294:9   warning  'Gr' is a function                                                         no-func-assign
   28324:11  warning  'g' is a function                                                          no-func-assign
   29396:25  warning  'e' is defined but never used                                              no-unused-vars
   30783:27  warning  'e' is defined but never used                                              no-unused-vars
   31791:25  warning  'e' is defined but never used                                              no-unused-vars
   32411:25  warning  'e' is defined but never used                                              no-unused-vars
   35148:25  warning  'e' is defined but never used                                              no-unused-vars
   36987:27  warning  'e' is defined but never used                                              no-unused-vars
   37094:40  warning  Unnecessary escape character: \)                                           no-useless-escape
   37118:39  warning  Unnecessary escape character: \%                                           no-useless-escape
   37118:53  warning  Unnecessary escape character: \%                                           no-useless-escape
   37118:67  warning  Unnecessary escape character: \%                                           no-useless-escape
   37136:63  warning  Unnecessary escape character: \%                                           no-useless-escape
   37136:83  warning  Unnecessary escape character: \%                                           no-useless-escape
   37153:37  warning  Unnecessary escape character: \#                                           no-useless-escape
   46059:21  warning  Empty block statement                                                      no-empty
   48259:46  warning  'XRWebGLLayer' is not defined                                              no-undef
   48285:46  warning  'XRWebGLBinding' is not defined                                            no-undef
   48325:29  warning  Expected a 'break' statement before 'case'                                 no-fallthrough
   48335:34  warning  'e' is defined but never used                                              no-unused-vars
   50257:17  warning  '__THREE_DEVTOOLS__' is not defined                                        no-undef
   50440:17  warning  '__THREE_DEVTOOLS__' is not defined                                        no-undef
   53197:34  warning  'e' is defined but never used                                              no-unused-vars
   53296:34  warning  'e' is defined but never used                                              no-unused-vars
   60439:56  warning  Unnecessary escape character: \/                                           no-useless-escape
   60720:36  warning  't' is defined but never used                                              no-unused-vars
   60720:39  warning  'n' is defined but never used                                              no-unused-vars
   60788:36  warning  't' is defined but never used                                              no-unused-vars
   61010:50  warning  'e' is defined but never used                                              no-unused-vars
   61025:31  warning  Expected a 'break' statement before 'case'                                 no-fallthrough
   61037:31  warning  Expected a 'break' statement before 'case'                                 no-fallthrough
   61050:31  warning  Expected a 'break' statement before 'case'                                 no-fallthrough
   61060:31  warning  Expected a 'break' statement before 'case'                                 no-fallthrough
   61075:36  warning  't' is defined but never used                                              no-unused-vars
   62529:22  warning  Unnecessary escape character: \/                                           no-useless-escape
   65999:24  warning  Expected a conditional expression and instead saw an assignment            no-cond-assign
   66041:9   warning  '__THREE_DEVTOOLS__' is not defined                                        no-undef
   66443:15  warning  Do not access Object.prototype method 'hasOwnProperty' from target object  no-prototype-builtins
   67615:35  warning  Empty block statement                                                      no-empty
   67740:41  warning  't' is defined but never used                                              no-unused-vars
   67740:44  warning  'n' is defined but never used                                              no-unused-vars
   67740:47  warning  'i' is defined but never used                                              no-unused-vars
   68121:31  warning  Empty block statement                                                      no-empty
   70578:34  warning  'e' is defined but never used                                              no-unused-vars
   70578:37  warning  't' is defined but never used                                              no-unused-vars
   70586:34  warning  'e' is defined but never used                                              no-unused-vars
   70586:37  warning  't' is defined but never used                                              no-unused-vars
   70586:40  warning  'n' is defined but never used                                              no-unused-vars
   70586:43  warning  'i' is defined but never used                                              no-unused-vars
   71967:42  warning  'e' is defined but never used                                              no-unused-vars
   72347:51  warning  'a' is defined but never used                                              no-unused-vars
   74021:34  warning  'e' is defined but never used                                              no-unused-vars
   74021:37  warning  't' is defined but never used                                              no-unused-vars
   74029:34  warning  'e' is defined but never used                                              no-unused-vars
   74029:37  warning  't' is defined but never used                                              no-unused-vars
   74029:40  warning  'n' is defined but never used                                              no-unused-vars
   74029:43  warning  'i' is defined but never used                                              no-unused-vars
   74250:42  warning  'e' is defined but never used                                              no-unused-vars
   74630:51  warning  'a' is defined but never used                                              no-unused-vars
   75966:36  warning  'n' is defined but never used                                              no-unused-vars
   76114:40  warning  Do not access Object.prototype method 'hasOwnProperty' from target object  no-prototype-builtins
   76249:13  warning  'importScripts' is not defined                                             no-undef
   76988:45  warning  'n' is defined but never used                                              no-unused-vars
   77163:29  warning  Do not access Object.prototype method 'hasOwnProperty' from target object  no-prototype-builtins
   78677:59  warning  'i' is defined but never used                                              no-unused-vars
   79475:53  warning  'i' is defined but never used                                              no-unused-vars
   79517:53  warning  'i' is defined but never used                                              no-unused-vars
   79594:55  warning  'i' is defined but never used                                              no-unused-vars
   79594:58  warning  'r' is defined but never used                                              no-unused-vars
   79655:53  warning  'i' is defined but never used                                              no-unused-vars
   79694:53  warning  'i' is defined but never used                                              no-unused-vars
   79773:32  warning  'b' is already defined                                                     no-redeclare
   79776:32  warning  'b' is already defined                                                     no-redeclare
   79779:32  warning  'b' is already defined                                                     no-redeclare
   79781:32  warning  'b' is already defined                                                     no-redeclare
   79793:56  warning  'i' is defined but never used                                              no-unused-vars
   79912:53  warning  'i' is defined but never used                                              no-unused-vars
   80694:23  warning  Unexpected comma in middle of array                                        no-sparse-arrays
   80879:29  warning  Empty block statement                                                      no-empty
   81109:48  warning  'u' is defined but never used                                              no-unused-vars
   81216:31  warning  Do not access Object.prototype method 'hasOwnProperty' from target object  no-prototype-builtins
   81399:28  warning  Do not access Object.prototype method 'hasOwnProperty' from target object  no-prototype-builtins
   81429:19  warning  Unexpected combined character in character class                           no-misleading-character-class
   81675:50  warning  'i' is defined but never used                                              no-unused-vars
   81767:43  warning  Do not access Object.prototype method 'hasOwnProperty' from target object  no-prototype-builtins
   81892:38  warning  'i' is defined but never used                                              no-unused-vars
   82304:49  warning  'a' is defined but never used                                              no-unused-vars
   82307:40  warning  Do not access Object.prototype method 'hasOwnProperty' from target object  no-prototype-builtins
   82314:49  warning  'a' is defined but never used                                              no-unused-vars
   82545:31  warning  Do not access Object.prototype method 'hasOwnProperty' from target object  no-prototype-builtins
   83647:24  warning  'e' is defined but never used                                              no-unused-vars
   84020:21  warning  'DracoDecoderModule' is not defined                                        no-undef
   85801:21  warning  Expected a conditional expression and instead saw an assignment            no-cond-assign
   86281:48  warning  Unnecessary escape character: \:                                           no-useless-escape
   86284:52  warning  Unnecessary escape character: \:                                           no-useless-escape
   90819:47  warning  'e' is defined but never used                                              no-unused-vars
   91289:23  warning  Empty block statement                                                      no-empty
   91841:16  warning  Do not access Object.prototype method 'hasOwnProperty' from target object  no-prototype-builtins
   92502:17  warning  Unnecessary try/catch wrapper                                              no-useless-catch
   93005:14  warning  Do not access Object.prototype method 'hasOwnProperty' from target object  no-prototype-builtins
   94087:22  warning  'n' is defined but never used                                              no-unused-vars
   94347:36  warning  't' is defined but never used                                              no-unused-vars
   94851:15  warning  Do not access Object.prototype method 'hasOwnProperty' from target object  no-prototype-builtins
   97336:46  warning  'e' is defined but never used                                              no-unused-vars
  100075:25  warning  Expected a 'break' statement before 'case'                                 no-fallthrough
  100077:25  warning  Expected a 'break' statement before 'case'                                 no-fallthrough
  100115:27  warning  Expected a 'break' statement before 'case'                                 no-fallthrough
  100164:25  warning  Expected a 'break' statement before 'default'                              no-fallthrough
  100190:17  warning  Expected a 'break' statement before 'default'                              no-fallthrough
  100223:27  warning  Expected a 'break' statement before 'case'                                 no-fallthrough
  100366:15  warning  Expected a 'break' statement before 'case'                                 no-fallthrough
  100450:15  warning  Expected a 'break' statement before 'case'                                 no-fallthrough
  100461:19  warning  Expected a 'break' statement before 'case'                                 no-fallthrough
  100510:15  warning  Expected a 'break' statement before 'case'                                 no-fallthrough
  100615:33  warning  Unnecessary escape character: \-                                           no-useless-escape
  100695:17  warning  'EF' is a function                                                         no-func-assign
  100762:15  warning  'SC_DISABLE_SPEEDY' is not defined                                         no-undef
  101042:22  warning  'e' is defined but never used                                              no-unused-vars
  101274:29  warning  Empty block statement                                                      no-empty
  101459:19  warning  Do not access Object.prototype method 'hasOwnProperty' from target object  no-prototype-builtins
  101623:41  warning  'i' is defined but never used                                              no-unused-vars
  101957:51  warning  'e' is defined but never used                                              no-unused-vars

/home/runner/work/exp-consensus-algorithms-au/exp-consensus-algorithms-au/experiment/simulation/js/main.6fe48401.js
     252:13  warning  Expected a 'break' statement before 'case'                                 no-fallthrough
     295:15  warning  Expected a 'break' statement before 'case'                                 no-fallthrough
     321:15  warning  Expected a 'break' statement before 'case'                                 no-fallthrough
     328:19  warning  Expected a 'break' statement before 'case'                                 no-fallthrough
     341:19  warning  Expected a 'break' statement before 'default'                              no-fallthrough
     377:15  warning  Expected a 'break' statement before 'default'                              no-fallthrough
     455:21  warning  Expected a 'break' statement before 'default'                              no-fallthrough
     630:19  warning  Expected a 'break' statement before 'case'                                 no-fallthrough
     650:13  warning  Expected a 'break' statement before 'case'                                 no-fallthrough
     700:37  warning  Expected a conditional expression and instead saw an assignment            no-cond-assign
    1107:17  warning  Expected a 'break' statement before 'case'                                 no-fallthrough
    1109:17  warning  Expected a 'break' statement before 'case'                                 no-fallthrough
    1183:23  warning  'e' is defined but never used                                              no-unused-vars
    1183:26  warning  't' is defined but never used                                              no-unused-vars
    1216:14  warning  'I' is assigned a value but never used                                     no-unused-vars
    1217:14  warning  'h' is assigned a value but never used                                     no-unused-vars
    1218:14  warning  'A' is assigned a value but never used                                     no-unused-vars
    1219:14  warning  'p' is assigned a value but never used                                     no-unused-vars
    1220:14  warning  'f' is assigned a value but never used                                     no-unused-vars
    1222:18  warning  'v' is defined but never used                                              no-unused-vars
    1563:16  warning  Do not access Object.prototype method 'hasOwnProperty' from target object  no-prototype-builtins
    1653:20  warning  Do not access Object.prototype method 'hasOwnProperty' from target object  no-prototype-builtins
    2341:26  warning  Expected a conditional expression and instead saw an assignment            no-cond-assign
    2341:31  warning  Expected a conditional expression and instead saw an assignment            no-cond-assign
    2848:27  warning  'e' is defined but never used                                              no-unused-vars
    2848:30  warning  't' is defined but never used                                              no-unused-vars
    2876:27  warning  'e' is defined but never used                                              no-unused-vars
    2876:30  warning  't' is defined but never used                                              no-unused-vars
    2908:27  warning  'e' is defined but never used                                              no-unused-vars
    2908:30  warning  't' is defined but never used                                              no-unused-vars
    2908:33  warning  'n' is defined but never used                                              no-unused-vars
    2908:36  warning  'i' is defined but never used                                              no-unused-vars
    2908:39  warning  'r' is defined but never used                                              no-unused-vars
    3032:23  warning  Empty block statement                                                      no-empty
    3605:29  warning  'i' is defined but never used                                              no-unused-vars
    4501:29  warning  Empty block statement                                                      no-empty
    4677:13  warning  Unexpected combined character in character class                           no-misleading-character-class
    4735:19  warning  Unnecessary escape character: \-                                           no-useless-escape
    4740:21  warning  Do not access Object.prototype method 'hasOwnProperty' from target object  no-prototype-builtins
    4955:19  warning  Expected a conditional expression and instead saw an assignment            no-cond-assign
    5021:29  warning  Empty block statement                                                      no-empty
    5107:20  warning  Do not access Object.prototype method 'hasOwnProperty' from target object  no-prototype-builtins
    5200:13  warning  Do not access Object.prototype method 'hasOwnProperty' from target object  no-prototype-builtins
    5202:17  warning  Do not access Object.prototype method 'hasOwnProperty' from target object  no-prototype-builtins
    5209:17  warning  Do not access Object.prototype method 'hasOwnProperty' from target object  no-prototype-builtins
    5209:46  warning  Do not access Object.prototype method 'hasOwnProperty' from target object  no-prototype-builtins
    5238:22  warning  Do not access Object.prototype method 'hasOwnProperty' from target object  no-prototype-builtins
    5330:45  warning  'MSApp' is not defined                                                     no-undef
    5331:33  warning  'n' is defined but never used                                              no-unused-vars
    5331:36  warning  'i' is defined but never used                                              no-unused-vars
    5332:19  warning  'MSApp' is not defined                                                     no-undef
    5397:19  warning  Do not access Object.prototype method 'hasOwnProperty' from target object  no-prototype-builtins
    5403:19  warning  Do not access Object.prototype method 'hasOwnProperty' from target object  no-prototype-builtins
    5553:15  warning  Expected to return a value in method 'get'                                 getter-return
    5562:30  warning  'i' is defined but never used                                              no-unused-vars
    5562:33  warning  'r' is defined but never used                                              no-unused-vars
    5562:36  warning  'a' is defined but never used                                              no-unused-vars
    5562:39  warning  'o' is defined but never used                                              no-unused-vars
    5562:42  warning  's' is defined but never used                                              no-unused-vars
    5562:45  warning  'l' is defined but never used                                              no-unused-vars
    5579:21  warning  'e' is defined but never used                                              no-unused-vars
    5579:24  warning  't' is defined but never used                                              no-unused-vars
    5579:27  warning  'n' is defined but never used                                              no-unused-vars
    5579:30  warning  'i' is defined but never used                                              no-unused-vars
    5579:33  warning  'r' is defined but never used                                              no-unused-vars
    5579:36  warning  'a' is defined but never used                                              no-unused-vars
    5579:39  warning  'o' is defined but never used                                              no-unused-vars
    5579:42  warning  's' is defined but never used                                              no-unused-vars
    5579:45  warning  'l' is defined but never used                                              no-unused-vars
    6188:17  warning  Do not access Object.prototype method 'hasOwnProperty' from target object  no-prototype-builtins
    6209:23  warning  Invalid typeof comparison value                                            valid-typeof
    6218:23  warning  Invalid typeof comparison value                                            valid-typeof
    6757:19  warning  Do not access Object.prototype method 'hasOwnProperty' from target object  no-prototype-builtins
    6840:24  warning  'e' is defined but never used                                              no-unused-vars
    6840:27  warning  't' is defined but never used                                              no-unused-vars
    6840:30  warning  'n' is defined but never used                                              no-unused-vars
    6840:33  warning  'i' is defined but never used                                              no-unused-vars
    6840:36  warning  'r' is defined but never used                                              no-unused-vars
    6840:39  warning  'o' is defined but never used                                              no-unused-vars
    6840:42  warning  's' is defined but never used                                              no-unused-vars
    6840:45  warning  'l' is defined but never used                                              no-unused-vars
    6840:48  warning  'g' is defined but never used                                              no-unused-vars
    6970:19  warning  Expected a 'break' statement before 'case'                                 no-fallthrough
    6986:19  warning  Expected a 'break' statement before 'case'                                 no-fallthrough
    7075:26  warning  Expected a conditional expression and instead saw an assignment            no-cond-assign
    7081:31  warning  Expected a conditional expression and instead saw an assignment            no-cond-assign
    7174:17  warning  Expected a 'break' statement before 'case'                                 no-fallthrough
    7294:16  warning  Unexpected control character(s) in regular expression: \x00                no-control-regex
    7903:21  warning  Expected a 'break' statement before 'case'                                 no-fallthrough
    8027:23  warning  Expected a conditional expression and instead saw an assignment            no-cond-assign
    8466:20  warning  Expected a conditional expression and instead saw an assignment            no-cond-assign
    8919:27  warning  Empty block statement                                                      no-empty
    9376:20  warning  Expected a conditional expression and instead saw an assignment            no-cond-assign
    9423:18  warning  Expected a conditional expression and instead saw an assignment            no-cond-assign
    9933:27  warning  Do not access Object.prototype method 'hasOwnProperty' from target object  no-prototype-builtins
    9946:29  warning  Do not access Object.prototype method 'hasOwnProperty' from target object  no-prototype-builtins
   10028:29  warning  Do not access Object.prototype method 'hasOwnProperty' from target object  no-prototype-builtins
   10041:32  warning  Do not access Object.prototype method 'hasOwnProperty' from target object  no-prototype-builtins
   10370:24  warning  Do not access Object.prototype method 'hasOwnProperty' from target object  no-prototype-builtins
   10370:47  warning  Do not access Object.prototype method 'hasOwnProperty' from target object  no-prototype-builtins
   10374:25  warning  Do not access Object.prototype method 'hasOwnProperty' from target object  no-prototype-builtins
   10381:26  warning  Do not access Object.prototype method 'hasOwnProperty' from target object  no-prototype-builtins
   10388:21  warning  Do not access Object.prototype method 'hasOwnProperty' from target object  no-prototype-builtins
   10393:28  warning  Do not access Object.prototype method 'hasOwnProperty' from target object  no-prototype-builtins
   10394:35  warning  Do not access Object.prototype method 'hasOwnProperty' from target object  no-prototype-builtins
   10397:27  warning  Do not access Object.prototype method 'hasOwnProperty' from target object  no-prototype-builtins
   10411:28  warning  Do not access Object.prototype method 'hasOwnProperty' from target object  no-prototype-builtins
   10559:25  warning  Empty block statement                                                      no-empty
   10563:13  warning  Expected a 'break' statement before 'case'                                 no-fallthrough
   10882:35  warning  Do not access Object.prototype method 'hasOwnProperty' from target object  no-prototype-builtins
   10919:13  warning  Expected a 'break' statement before 'case'                                 no-fallthrough
   11910:35  warning  Empty block statement                                                      no-empty
   12049:31  warning  Empty block statement                                                      no-empty
   12918:12  warning  'Re' is a function                                                         no-func-assign
   12919:12  warning  'xe' is a function                                                         no-func-assign
   12961:20  warning  '__REACT_DEVTOOLS_GLOBAL_HOOK__' is not defined                            no-undef
   12965:26  warning  Empty block statement                                                      no-empty
   13075:35  warning  '__REACT_DEVTOOLS_GLOBAL_HOOK__' is not defined                            no-undef
   13078:15  warning  '__REACT_DEVTOOLS_GLOBAL_HOOK__' is not defined                            no-undef
   13152:53  warning  'setImmediate' is not defined                                              no-undef
   13547:31  warning  Empty block statement                                                      no-empty
   13861:21  warning  Expected a conditional expression and instead saw an assignment            no-cond-assign
   14372:23  warning  Expected a 'break' statement before 'case'                                 no-fallthrough
   14499:25  warning  Expected a conditional expression and instead saw an assignment            no-cond-assign
   15523:29  warning  Empty block statement                                                      no-empty
   16455:22  warning  Expected a conditional expression and instead saw an assignment            no-cond-assign
   16502:20  warning  Expected a conditional expression and instead saw an assignment            no-cond-assign
   16994:27  warning  Empty block statement                                                      no-empty
   18429:37  warning  Empty block statement                                                      no-empty
   18569:33  warning  Empty block statement                                                      no-empty
   19496:25  warning  '__REACT_DEVTOOLS_GLOBAL_HOOK__' is not defined                            no-undef
   19501:31  warning  Empty block statement                                                      no-empty
   19853:24  warning  't' is defined but never used                                              no-unused-vars
   19987:31  warning  Do not access Object.prototype method 'hasOwnProperty' from target object  no-prototype-builtins
   20108:51  warning  'o' is defined but never used                                              no-unused-vars
   20204:24  warning  't' is defined but never used                                              no-unused-vars
   20224:24  warning  't' is defined but never used                                              no-unused-vars
   20251:24  warning  't' is defined but never used                                              no-unused-vars
   20255:24  warning  't' is defined but never used                                              no-unused-vars
   20255:27  warning  'n' is defined but never used                                              no-unused-vars
   20257:35  warning  'e' is defined but never used                                              no-unused-vars
   20257:38  warning  't' is defined but never used                                              no-unused-vars
   20257:41  warning  'n' is defined but never used                                              no-unused-vars
   20257:44  warning  'i' is defined but never used                                              no-unused-vars
   20257:47  warning  'r' is defined but never used                                              no-unused-vars
   20439:21  warning  'e' is defined but never used                                              no-unused-vars
   20439:24  warning  't' is defined but never used                                              no-unused-vars
   20499:30  warning  Unsafe usage of ThrowStatement                                             no-unsafe-finally
   20561:32  warning  Unsafe usage of ThrowStatement                                             no-unsafe-finally
   20656:32  warning  Do not access Object.prototype method 'hasOwnProperty' from target object  no-prototype-builtins
   20734:34  warning  Do not access Object.prototype method 'hasOwnProperty' from target object  no-prototype-builtins
   20947:22  warning  Do not access Object.prototype method 'hasOwnProperty' from target object  no-prototype-builtins
   21137:53  warning  'setImmediate' is not defined                                              no-undef
   21587:14  warning  'i' is a function                                                          no-func-assign
   21700:23  warning  Unsafe usage of ReturnStatement                                            no-unsafe-finally
   21702:28  warning  Unsafe usage of ThrowStatement                                             no-unsafe-finally
   21766:14  warning  'i' is a function                                                          no-func-assign
   21812:29  warning  'n' is defined but never used                                              no-unused-vars
   21907:29  warning  'e' is defined but never used                                              no-unused-vars
   21922:32  warning  'o' is defined but never used                                              no-unused-vars
   23304:12  warning  'G' is a function                                                          no-func-assign
   25285:20  warning  Do not access Object.prototype method 'hasOwnProperty' from target object  no-prototype-builtins
   25358:31  warning  Do not access Object.prototype method 'hasOwnProperty' from target object  no-prototype-builtins
   25839:19  warning  Expected a conditional expression and instead saw an assignment            no-cond-assign
   26343:41  warning  Unexpected comma in middle of array                                        no-sparse-arrays
   26356:25  warning  Expected a 'break' statement before 'case'                                 no-fallthrough
   26476:11  warning  'On' is defined but never used                                             no-unused-vars
   26642:38  warning  't' is defined but never used                                              no-unused-vars
   28069:19  warning  'e' is defined but never used                                              no-unused-vars
   28069:22  warning  't' is defined but never used                                              no-unused-vars
   28069:25  warning  'n' is defined but never used                                              no-unused-vars
   28071:12  warning  'lr' is a function                                                         no-func-assign
   28130:22  warning  Unsafe usage of ThrowStatement                                             no-unsafe-finally
   28170:12  warning  'hr' is a function                                                         no-func-assign
   28203:12  warning  'mr' is a function                                                         no-func-assign
   28270:12  warning  'yr' is a function                                                         no-func-assign
   28294:9   warning  'Gr' is a function                                                         no-func-assign
   28324:11  warning  'g' is a function                                                          no-func-assign
   29396:25  warning  'e' is defined but never used                                              no-unused-vars
   30783:27  warning  'e' is defined but never used                                              no-unused-vars
   31791:25  warning  'e' is defined but never used                                              no-unused-vars
   32411:25  warning  'e' is defined but never used                                              no-unused-vars
   35148:25  warning  'e' is defined but never used                                              no-unused-vars
   36987:27  warning  'e' is defined but never used                                              no-unused-vars
   37094:40  warning  Unnecessary escape character: \)                                           no-useless-escape
   37118:39  warning  Unnecessary escape character: \%                                           no-useless-escape
   37118:53  warning  Unnecessary escape character: \%                                           no-useless-escape
   37118:67  warning  Unnecessary escape character: \%                                           no-useless-escape
   37136:63  warning  Unnecessary escape character: \%                                           no-useless-escape
   37136:83  warning  Unnecessary escape character: \%                                           no-useless-escape
   37153:37  warning  Unnecessary escape character: \#                                           no-useless-escape
   46059:21  warning  Empty block statement                                                      no-empty
   48259:46  warning  'XRWebGLLayer' is not defined                                              no-undef
   48285:46  warning  'XRWebGLBinding' is not defined                                            no-undef
   48325:29  warning  Expected a 'break' statement before 'case'                                 no-fallthrough
   48335:34  warning  'e' is defined but never used                                              no-unused-vars
   50257:17  warning  '__THREE_DEVTOOLS__' is not defined                                        no-undef
   50440:17  warning  '__THREE_DEVTOOLS__' is not defined                                        no-undef
   53197:34  warning  'e' is defined but never used                                              no-unused-vars
   53296:34  warning  'e' is defined but never used                                              no-unused-vars
   60439:56  warning  Unnecessary escape character: \/                                           no-useless-escape
   60720:36  warning  't' is defined but never used                                              no-unused-vars
   60720:39  warning  'n' is defined but never used                                              no-unused-vars
   60788:36  warning  't' is defined but never used                                              no-unused-vars
   61010:50  warning  'e' is defined but never used                                              no-unused-vars
   61025:31  warning  Expected a 'break' statement before 'case'                                 no-fallthrough
   61037:31  warning  Expected a 'break' statement before 'case'                                 no-fallthrough
   61050:31  warning  Expected a 'break' statement before 'case'                                 no-fallthrough
   61060:31  warning  Expected a 'break' statement before 'case'                                 no-fallthrough
   61075:36  warning  't' is defined but never used                                              no-unused-vars
   62529:22  warning  Unnecessary escape character: \/                                           no-useless-escape
   65999:24  warning  Expected a conditional expression and instead saw an assignment            no-cond-assign
   66041:9   warning  '__THREE_DEVTOOLS__' is not defined                                        no-undef
   66443:15  warning  Do not access Object.prototype method 'hasOwnProperty' from target object  no-prototype-builtins
   67615:35  warning  Empty block statement                                                      no-empty
   67740:41  warning  't' is defined but never used                                              no-unused-vars
   67740:44  warning  'n' is defined but never used                                              no-unused-vars
   67740:47  warning  'i' is defined but never used                                              no-unused-vars
   68121:31  warning  Empty block statement                                                      no-empty
   70578:34  warning  'e' is defined but never used                                              no-unused-vars
   70578:37  warning  't' is defined but never used                                              no-unused-vars
   70586:34  warning  'e' is defined but never used                                              no-unused-vars
   70586:37  warning  't' is defined but never used                                              no-unused-vars
   70586:40  warning  'n' is defined but never used                                              no-unused-vars
   70586:43  warning  'i' is defined but never used                                              no-unused-vars
   71967:42  warning  'e' is defined but never used                                              no-unused-vars
   72347:51  warning  'a' is defined but never used                                              no-unused-vars
   74021:34  warning  'e' is defined but never used                                              no-unused-vars
   74021:37  warning  't' is defined but never used                                              no-unused-vars
   74029:34  warning  'e' is defined but never used                                              no-unused-vars
   74029:37  warning  't' is defined but never used                                              no-unused-vars
   74029:40  warning  'n' is defined but never used                                              no-unused-vars
   74029:43  warning  'i' is defined but never used                                              no-unused-vars
   74250:42  warning  'e' is defined but never used                                              no-unused-vars
   74630:51  warning  'a' is defined but never used                                              no-unused-vars
   75966:36  warning  'n' is defined but never used                                              no-unused-vars
   76114:40  warning  Do not access Object.prototype method 'hasOwnProperty' from target object  no-prototype-builtins
   76249:13  warning  'importScripts' is not defined                                             no-undef
   76988:45  warning  'n' is defined but never used                                              no-unused-vars
   77163:29  warning  Do not access Object.prototype method 'hasOwnProperty' from target object  no-prototype-builtins
   78677:59  warning  'i' is defined but never used                                              no-unused-vars
   79475:53  warning  'i' is defined but never used                                              no-unused-vars
   79517:53  warning  'i' is defined but never used                                              no-unused-vars
   79594:55  warning  'i' is defined but never used                                              no-unused-vars
   79594:58  warning  'r' is defined but never used                                              no-unused-vars
   79655:53  warning  'i' is defined but never used                                              no-unused-vars
   79694:53  warning  'i' is defined but never used                                              no-unused-vars
   79773:32  warning  'b' is already defined                                                     no-redeclare
   79776:32  warning  'b' is already defined                                                     no-redeclare
   79779:32  warning  'b' is already defined                                                     no-redeclare
   79781:32  warning  'b' is already defined                                                     no-redeclare
   79793:56  warning  'i' is defined but never used                                              no-unused-vars
   79912:53  warning  'i' is defined but never used                                              no-unused-vars
   80694:23  warning  Unexpected comma in middle of array                                        no-sparse-arrays
   80879:29  warning  Empty block statement                                                      no-empty
   81109:48  warning  'u' is defined but never used                                              no-unused-vars
   81216:31  warning  Do not access Object.prototype method 'hasOwnProperty' from target object  no-prototype-builtins
   81399:28  warning  Do not access Object.prototype method 'hasOwnProperty' from target object  no-prototype-builtins
   81429:19  warning  Unexpected combined character in character class                           no-misleading-character-class
   81675:50  warning  'i' is defined but never used                                              no-unused-vars
   81767:43  warning  Do not access Object.prototype method 'hasOwnProperty' from target object  no-prototype-builtins
   81892:38  warning  'i' is defined but never used                                              no-unused-vars
   82304:49  warning  'a' is defined but never used                                              no-unused-vars
   82307:40  warning  Do not access Object.prototype method 'hasOwnProperty' from target object  no-prototype-builtins
   82314:49  warning  'a' is defined but never used                                              no-unused-vars
   82545:31  warning  Do not access Object.prototype method 'hasOwnProperty' from target object  no-prototype-builtins
   83647:24  warning  'e' is defined but never used                                              no-unused-vars
   84020:21  warning  'DracoDecoderModule' is not defined                                        no-undef
   85801:21  warning  Expected a conditional expression and instead saw an assignment            no-cond-assign
   86281:48  warning  Unnecessary escape character: \:                                           no-useless-escape
   86284:52  warning  Unnecessary escape character: \:                                           no-useless-escape
   90819:47  warning  'e' is defined but never used                                              no-unused-vars
   91289:23  warning  Empty block statement                                                      no-empty
   91841:16  warning  Do not access Object.prototype method 'hasOwnProperty' from target object  no-prototype-builtins
   92502:17  warning  Unnecessary try/catch wrapper                                              no-useless-catch
   93005:14  warning  Do not access Object.prototype method 'hasOwnProperty' from target object  no-prototype-builtins
   94087:22  warning  'n' is defined but never used                                              no-unused-vars
   94347:36  warning  't' is defined but never used                                              no-unused-vars
   94851:15  warning  Do not access Object.prototype method 'hasOwnProperty' from target object  no-prototype-builtins
   97336:46  warning  'e' is defined but never used                                              no-unused-vars
  100075:25  warning  Expected a 'break' statement before 'case'                                 no-fallthrough
  100077:25  warning  Expected a 'break' statement before 'case'                                 no-fallthrough
  100115:27  warning  Expected a 'break' statement before 'case'                                 no-fallthrough
  100164:25  warning  Expected a 'break' statement before 'default'                              no-fallthrough
  100190:17  warning  Expected a 'break' statement before 'default'                              no-fallthrough
  100223:27  warning  Expected a 'break' statement before 'case'                                 no-fallthrough
  100366:15  warning  Expected a 'break' statement before 'case'                                 no-fallthrough
  100450:15  warning  Expected a 'break' statement before 'case'                                 no-fallthrough
  100461:19  warning  Expected a 'break' statement before 'case'                                 no-fallthrough
  100510:15  warning  Expected a 'break' statement before 'case'                                 no-fallthrough
  100615:33  warning  Unnecessary escape character: \-                                           no-useless-escape
  100695:17  warning  'EF' is a function                                                         no-func-assign
  100762:15  warning  'SC_DISABLE_SPEEDY' is not defined                                         no-undef
  101042:22  warning  'e' is defined but never used                                              no-unused-vars
  101274:29  warning  Empty block statement                                                      no-empty
  101459:19  warning  Do not access Object.prototype method 'hasOwnProperty' from target object  no-prototype-builtins
  101623:41  warning  'i' is defined but never used                                              no-unused-vars
  101957:51  warning  'e' is defined but never used                                              no-unused-vars

/home/runner/work/exp-consensus-algorithms-au/exp-consensus-algorithms-au/experiment/simulation/js/main.6fe77656 copy.js
  2:3232     warning  Expected a 'break' statement before 'case'                                 no-fallthrough
  2:3715     warning  Expected a 'break' statement before 'case'                                 no-fallthrough
  2:3940     warning  Expected a 'break' statement before 'case'                                 no-fallthrough
  2:3996     warning  Expected a 'break' statement before 'case'                                 no-fallthrough
  2:4119     warning  Expected a 'break' statement before 'default'                              no-fallthrough
  2:4432     warning  Expected a 'break' statement before 'default'                              no-fallthrough
  2:5349     warning  Expected a 'break' statement before 'default'                              no-fallthrough
  2:5375     warning  Expected a conditional expression and instead saw an assignment            no-cond-assign
  2:7433     warning  Expected a 'break' statement before 'case'                                 no-fallthrough
  2:7636     warning  Expected a 'break' statement before 'case'                                 no-fallthrough
  2:8346     warning  Expected a conditional expression and instead saw an assignment            no-cond-assign
  2:18184    warning  Expected a 'break' statement before 'case'                                 no-fallthrough
  2:18221    warning  Expected a 'break' statement before 'case'                                 no-fallthrough
  2:19150    warning  'e' is defined but never used                                              no-unused-vars
  2:19152    warning  't' is defined but never used                                              no-unused-vars
  2:19631    warning  'I' is assigned a value but never used                                     no-unused-vars
  2:19650    warning  'h' is assigned a value but never used                                     no-unused-vars
  2:19676    warning  'A' is assigned a value but never used                                     no-unused-vars
  2:19701    warning  'p' is assigned a value but never used                                     no-unused-vars
  2:19731    warning  'f' is assigned a value but never used                                     no-unused-vars
  2:19767    warning  'v' is defined but never used                                              no-unused-vars
  2:24641    warning  Do not access Object.prototype method 'hasOwnProperty' from target object  no-prototype-builtins
  2:26273    warning  Do not access Object.prototype method 'hasOwnProperty' from target object  no-prototype-builtins
  2:35792    warning  Expected a conditional expression and instead saw an assignment            no-cond-assign
  2:35795    warning  Expected a conditional expression and instead saw an assignment            no-cond-assign
  2:42469    warning  'e' is defined but never used                                              no-unused-vars
  2:42471    warning  't' is defined but never used                                              no-unused-vars
  2:42805    warning  'e' is defined but never used                                              no-unused-vars
  2:42807    warning  't' is defined but never used                                              no-unused-vars
  2:43137    warning  'e' is defined but never used                                              no-unused-vars
  2:43139    warning  't' is defined but never used                                              no-unused-vars
  2:43141    warning  'n' is defined but never used                                              no-unused-vars
  2:43143    warning  'i' is defined but never used                                              no-unused-vars
  2:43145    warning  'r' is defined but never used                                              no-unused-vars
  2:44526    warning  Empty block statement                                                      no-empty
  2:52425    warning  'i' is defined but never used                                              no-unused-vars
  2:66598    warning  Empty block statement                                                      no-empty
  2:69468    warning  Unexpected combined character in character class                           no-misleading-character-class
  2:71357    warning  Unnecessary escape character: \-                                           no-useless-escape
  2:71439    warning  Do not access Object.prototype method 'hasOwnProperty' from target object  no-prototype-builtins
  2:75977    warning  Expected a conditional expression and instead saw an assignment            no-cond-assign
  2:76967    warning  Empty block statement                                                      no-empty
  2:78172    warning  Do not access Object.prototype method 'hasOwnProperty' from target object  no-prototype-builtins
  2:79632    warning  Do not access Object.prototype method 'hasOwnProperty' from target object  no-prototype-builtins
  2:79673    warning  Do not access Object.prototype method 'hasOwnProperty' from target object  no-prototype-builtins
  2:79838    warning  Do not access Object.prototype method 'hasOwnProperty' from target object  no-prototype-builtins
  2:79865    warning  Do not access Object.prototype method 'hasOwnProperty' from target object  no-prototype-builtins
  2:80453    warning  Do not access Object.prototype method 'hasOwnProperty' from target object  no-prototype-builtins
  2:82087    warning  'MSApp' is not defined                                                     no-undef
  2:82130    warning  'n' is defined but never used                                              no-unused-vars
  2:82132    warning  'i' is defined but never used                                              no-unused-vars
  2:82135    warning  'MSApp' is not defined                                                     no-undef
  2:83100    warning  Do not access Object.prototype method 'hasOwnProperty' from target object  no-prototype-builtins
  2:83193    warning  Do not access Object.prototype method 'hasOwnProperty' from target object  no-prototype-builtins
  2:84400    warning  Expected a conditional expression and instead saw an assignment            no-cond-assign
  2:85422    warning  Expected to return a value in method 'get'                                 getter-return
  2:85559    warning  'i' is defined but never used                                              no-unused-vars
  2:85561    warning  'r' is defined but never used                                              no-unused-vars
  2:85563    warning  'a' is defined but never used                                              no-unused-vars
  2:85565    warning  'o' is defined but never used                                              no-unused-vars
  2:85567    warning  's' is defined but never used                                              no-unused-vars
  2:85569    warning  'l' is defined but never used                                              no-unused-vars
  2:85742    warning  'e' is defined but never used                                              no-unused-vars
  2:85744    warning  't' is defined but never used                                              no-unused-vars
  2:85746    warning  'n' is defined but never used                                              no-unused-vars
  2:85748    warning  'i' is defined but never used                                              no-unused-vars
  2:85750    warning  'r' is defined but never used                                              no-unused-vars
  2:85752    warning  'a' is defined but never used                                              no-unused-vars
  2:85754    warning  'o' is defined but never used                                              no-unused-vars
  2:85756    warning  's' is defined but never used                                              no-unused-vars
  2:85758    warning  'l' is defined but never used                                              no-unused-vars
  2:94637    warning  Do not access Object.prototype method 'hasOwnProperty' from target object  no-prototype-builtins
  2:94957    warning  Invalid typeof comparison value                                            valid-typeof
  2:95131    warning  Invalid typeof comparison value                                            valid-typeof
  2:101935   warning  Expected a conditional expression and instead saw an assignment            no-cond-assign
  2:103153   warning  Do not access Object.prototype method 'hasOwnProperty' from target object  no-prototype-builtins
  2:105653   warning  'e' is defined but never used                                              no-unused-vars
  2:105655   warning  't' is defined but never used                                              no-unused-vars
  2:105657   warning  'n' is defined but never used                                              no-unused-vars
  2:105659   warning  'i' is defined but never used                                              no-unused-vars
  2:105661   warning  'r' is defined but never used                                              no-unused-vars
  2:105663   warning  'o' is defined but never used                                              no-unused-vars
  2:105665   warning  's' is defined but never used                                              no-unused-vars
  2:105667   warning  'l' is defined but never used                                              no-unused-vars
  2:105669   warning  'g' is defined but never used                                              no-unused-vars
  2:107610   warning  Expected a 'break' statement before 'case'                                 no-fallthrough
  2:107797   warning  Expected a 'break' statement before 'case'                                 no-fallthrough
  2:108908   warning  Expected a conditional expression and instead saw an assignment            no-cond-assign
  2:108982   warning  Expected a conditional expression and instead saw an assignment            no-cond-assign
  2:110335   warning  Expected a 'break' statement before 'case'                                 no-fallthrough
  2:112307   warning  Unexpected control character(s) in regular expression: \x00                no-control-regex
  2:113913   warning  Expected a conditional expression and instead saw an assignment            no-cond-assign
  2:114013   warning  Expected a conditional expression and instead saw an assignment            no-cond-assign
  2:121412   warning  Expected a 'break' statement before 'case'                                 no-fallthrough
  2:123379   warning  Expected a conditional expression and instead saw an assignment            no-cond-assign
  2:124830   warning  Expected a conditional expression and instead saw an assignment            no-cond-assign
  2:130662   warning  Expected a conditional expression and instead saw an assignment            no-cond-assign
  2:137273   warning  Empty block statement                                                      no-empty
  2:144460   warning  Expected a conditional expression and instead saw an assignment            no-cond-assign
  2:145590   warning  Expected a conditional expression and instead saw an assignment            no-cond-assign
  2:148347   warning  Expected a conditional expression and instead saw an assignment            no-cond-assign
  2:153962   warning  Do not access Object.prototype method 'hasOwnProperty' from target object  no-prototype-builtins
  2:154242   warning  Do not access Object.prototype method 'hasOwnProperty' from target object  no-prototype-builtins
  2:154687   warning  Unnecessary escape character: \/                                           no-useless-escape
  2:155555   warning  Do not access Object.prototype method 'hasOwnProperty' from target object  no-prototype-builtins
  2:155863   warning  Do not access Object.prototype method 'hasOwnProperty' from target object  no-prototype-builtins
  2:160856   warning  Do not access Object.prototype method 'hasOwnProperty' from target object  no-prototype-builtins
  2:160877   warning  Do not access Object.prototype method 'hasOwnProperty' from target object  no-prototype-builtins
  2:160947   warning  Do not access Object.prototype method 'hasOwnProperty' from target object  no-prototype-builtins
  2:161127   warning  Do not access Object.prototype method 'hasOwnProperty' from target object  no-prototype-builtins
  2:161229   warning  Do not access Object.prototype method 'hasOwnProperty' from target object  no-prototype-builtins
  2:161309   warning  Do not access Object.prototype method 'hasOwnProperty' from target object  no-prototype-builtins
  2:161333   warning  Do not access Object.prototype method 'hasOwnProperty' from target object  no-prototype-builtins
  2:161385   warning  Do not access Object.prototype method 'hasOwnProperty' from target object  no-prototype-builtins
  2:161740   warning  Do not access Object.prototype method 'hasOwnProperty' from target object  no-prototype-builtins
  2:164147   warning  Empty block statement                                                      no-empty
  2:164182   warning  Expected a 'break' statement before 'case'                                 no-fallthrough
  2:168254   warning  Do not access Object.prototype method 'hasOwnProperty' from target object  no-prototype-builtins
  2:168781   warning  Expected a 'break' statement before 'case'                                 no-fallthrough
  2:181287   warning  Empty block statement                                                      no-empty
  2:182989   warning  Empty block statement                                                      no-empty
  2:193468   warning  Expected a conditional expression and instead saw an assignment            no-cond-assign
  2:195213   warning  'Re' is a function                                                         no-func-assign
  2:195219   warning  'xe' is a function                                                         no-func-assign
  2:196166   warning  '__REACT_DEVTOOLS_GLOBAL_HOOK__' is not defined                            no-undef
  2:196269   warning  Empty block statement                                                      no-empty
  2:198548   warning  '__REACT_DEVTOOLS_GLOBAL_HOOK__' is not defined                            no-undef
  2:198592   warning  '__REACT_DEVTOOLS_GLOBAL_HOOK__' is not defined                            no-undef
  2:199612   warning  'setImmediate' is not defined                                              no-undef
  2:205671   warning  Empty block statement                                                      no-empty
  2:210709   warning  Expected a conditional expression and instead saw an assignment            no-cond-assign
  2:218109   warning  Expected a 'break' statement before 'case'                                 no-fallthrough
  2:220057   warning  Expected a conditional expression and instead saw an assignment            no-cond-assign
  2:223556   warning  Expected a conditional expression and instead saw an assignment            no-cond-assign
  2:235586   warning  Empty block statement                                                      no-empty
  2:250036   warning  Expected a conditional expression and instead saw an assignment            no-cond-assign
  2:251166   warning  Expected a conditional expression and instead saw an assignment            no-cond-assign
  2:258962   warning  Empty block statement                                                      no-empty
  2:277824   warning  Empty block statement                                                      no-empty
  2:279473   warning  Empty block statement                                                      no-empty
  2:293176   warning  '__REACT_DEVTOOLS_GLOBAL_HOOK__' is not defined                            no-undef
  2:293283   warning  Empty block statement                                                      no-empty
  2:299127   warning  't' is defined but never used                                              no-unused-vars
  2:300830   warning  Do not access Object.prototype method 'hasOwnProperty' from target object  no-prototype-builtins
  2:302590   warning  'o' is defined but never used                                              no-unused-vars
  2:303793   warning  't' is defined but never used                                              no-unused-vars
  2:304071   warning  't' is defined but never used                                              no-unused-vars
  2:304498   warning  't' is defined but never used                                              no-unused-vars
  2:304583   warning  't' is defined but never used                                              no-unused-vars
  2:304585   warning  'n' is defined but never used                                              no-unused-vars
  2:304620   warning  'e' is defined but never used                                              no-unused-vars
  2:304622   warning  't' is defined but never used                                              no-unused-vars
  2:304624   warning  'n' is defined but never used                                              no-unused-vars
  2:304626   warning  'i' is defined but never used                                              no-unused-vars
  2:304628   warning  'r' is defined but never used                                              no-unused-vars
  2:307377   warning  'e' is defined but never used                                              no-unused-vars
  2:307379   warning  't' is defined but never used                                              no-unused-vars
  2:308432   warning  Unsafe usage of ThrowStatement                                             no-unsafe-finally
  2:309351   warning  Unsafe usage of ThrowStatement                                             no-unsafe-finally
  2:310872   warning  Do not access Object.prototype method 'hasOwnProperty' from target object  no-prototype-builtins
  2:312531   warning  Do not access Object.prototype method 'hasOwnProperty' from target object  no-prototype-builtins
  2:315559   warning  Do not access Object.prototype method 'hasOwnProperty' from target object  no-prototype-builtins
  2:318546   warning  'setImmediate' is not defined                                              no-undef
  2:324316   warning  'i' is a function                                                          no-func-assign
  2:325673   warning  Unsafe usage of ReturnStatement                                            no-unsafe-finally
  2:325693   warning  Unsafe usage of ThrowStatement                                             no-unsafe-finally
  2:326598   warning  'i' is a function                                                          no-func-assign
  2:327236   warning  'n' is defined but never used                                              no-unused-vars
  2:328673   warning  'e' is defined but never used                                              no-unused-vars
  2:328962   warning  'o' is defined but never used                                              no-unused-vars
  2:346846   warning  'G' is a function                                                          no-func-assign
  2:378373   warning  Do not access Object.prototype method 'hasOwnProperty' from target object  no-prototype-builtins
  2:379364   warning  Do not access Object.prototype method 'hasOwnProperty' from target object  no-prototype-builtins
  2:387048   warning  Expected a conditional expression and instead saw an assignment            no-cond-assign
  2:394877   warning  Unexpected comma in middle of array                                        no-sparse-arrays
  2:395068   warning  Expected a 'break' statement before 'case'                                 no-fallthrough
  2:396505   warning  'On' is defined but never used                                             no-unused-vars
  2:398809   warning  't' is defined but never used                                              no-unused-vars
  2:423244   warning  'e' is defined but never used                                              no-unused-vars
  2:423246   warning  't' is defined but never used                                              no-unused-vars
  2:423248   warning  'n' is defined but never used                                              no-unused-vars
  2:423258   warning  'sr' is a function                                                         no-func-assign
  2:423451   warning  'lr' is a function                                                         no-func-assign
  2:423636   warning  'gr' is a function                                                         no-func-assign
  2:425103   warning  Unsafe usage of ThrowStatement                                             no-unsafe-finally
  2:425135   warning  'dr' is a function                                                         no-func-assign
  2:426117   warning  'pr' is a function                                                         no-func-assign
  2:426511   warning  'g' is a function                                                          no-func-assign
  2:439625   warning  'e' is defined but never used                                              no-unused-vars
  2:458041   warning  'e' is defined but never used                                              no-unused-vars
  2:470672   warning  'e' is defined but never used                                              no-unused-vars
  2:477929   warning  'e' is defined but never used                                              no-unused-vars
  2:509653   warning  'e' is defined but never used                                              no-unused-vars
  2:541605   warning  'e' is defined but never used                                              no-unused-vars
  2:542954   warning  Expected a conditional expression and instead saw an assignment            no-cond-assign
  2:542968   warning  Unnecessary escape character: \)                                           no-useless-escape
  2:543040   warning  Expected a conditional expression and instead saw an assignment            no-cond-assign
  2:543254   warning  Expected a conditional expression and instead saw an assignment            no-cond-assign
  2:543266   warning  Unnecessary escape character: \%                                           no-useless-escape
  2:543280   warning  Unnecessary escape character: \%                                           no-useless-escape
  2:543294   warning  Unnecessary escape character: \%                                           no-useless-escape
  2:543501   warning  Expected a conditional expression and instead saw an assignment            no-cond-assign
  2:543537   warning  Unnecessary escape character: \%                                           no-useless-escape
  2:543557   warning  Unnecessary escape character: \%                                           no-useless-escape
  2:543764   warning  Expected a conditional expression and instead saw an assignment            no-cond-assign
  2:543768   warning  Unnecessary escape character: \#                                           no-useless-escape
  2:833112   warning  Empty block statement                                                      no-empty
  2:870511   warning  'XRWebGLLayer' is not defined                                              no-undef
  2:870868   warning  'XRWebGLBinding' is not defined                                            no-undef
  2:871436   warning  Expected a 'break' statement before 'case'                                 no-fallthrough
  2:871501   warning  'e' is defined but never used                                              no-unused-vars
  2:910016   warning  '__THREE_DEVTOOLS__' is not defined                                        no-undef
  2:912957   warning  '__THREE_DEVTOOLS__' is not defined                                        no-undef
  2:953337   warning  'e' is defined but never used                                              no-unused-vars
  2:954522   warning  'e' is defined but never used                                              no-unused-vars
  2:1056619  warning  Unnecessary escape character: \/                                           no-useless-escape
  2:1060737  warning  't' is defined but never used                                              no-unused-vars
  2:1060739  warning  'n' is defined but never used                                              no-unused-vars
  2:1061853  warning  't' is defined but never used                                              no-unused-vars
  2:1064539  warning  'e' is defined but never used                                              no-unused-vars
  2:1064702  warning  Expected a 'break' statement before 'case'                                 no-fallthrough
  2:1064809  warning  Expected a 'break' statement before 'case'                                 no-fallthrough
  2:1064982  warning  Expected a 'break' statement before 'case'                                 no-fallthrough
  2:1065125  warning  Expected a 'break' statement before 'case'                                 no-fallthrough
  2:1065253  warning  't' is defined but never used                                              no-unused-vars
  2:1088237  warning  Unnecessary escape character: \/                                           no-useless-escape
  2:1138698  warning  Expected a conditional expression and instead saw an assignment            no-cond-assign
  2:1139607  warning  '__THREE_DEVTOOLS__' is not defined                                        no-undef
  2:1145800  warning  Do not access Object.prototype method 'hasOwnProperty' from target object  no-prototype-builtins
  2:1163947  warning  Empty block statement                                                      no-empty
  2:1165923  warning  't' is defined but never used                                              no-unused-vars
  2:1165925  warning  'n' is defined but never used                                              no-unused-vars
  2:1165927  warning  'i' is defined but never used                                              no-unused-vars
  2:1172396  warning  Empty block statement                                                      no-empty
  2:1703240  warning  'e' is defined but never used                                              no-unused-vars
  2:1703242  warning  't' is defined but never used                                              no-unused-vars
  2:1703369  warning  'e' is defined but never used                                              no-unused-vars
  2:1703371  warning  't' is defined but never used                                              no-unused-vars
  2:1703373  warning  'n' is defined but never used                                              no-unused-vars
  2:1703375  warning  'i' is defined but never used                                              no-unused-vars
  2:1724519  warning  'e' is defined but never used                                              no-unused-vars
  2:1729811  warning  'a' is defined but never used                                              no-unused-vars
  2:1749224  warning  'e' is defined but never used                                              no-unused-vars
  2:1749226  warning  't' is defined but never used                                              no-unused-vars
  2:1749353  warning  'e' is defined but never used                                              no-unused-vars
  2:1749355  warning  't' is defined but never used                                              no-unused-vars
  2:1749357  warning  'n' is defined but never used                                              no-unused-vars
  2:1749359  warning  'i' is defined but never used                                              no-unused-vars
  2:1751930  warning  'e' is defined but never used                                              no-unused-vars
  2:1757222  warning  'a' is defined but never used                                              no-unused-vars
  2:1775289  warning  'n' is defined but never used                                              no-unused-vars
  2:1777515  warning  Do not access Object.prototype method 'hasOwnProperty' from target object  no-prototype-builtins
  2:1779187  warning  'importScripts' is not defined                                             no-undef
  2:1783262  warning  Expected a conditional expression and instead saw an assignment            no-cond-assign
  2:1791624  warning  'n' is defined but never used                                              no-unused-vars
  2:1796826  warning  Do not access Object.prototype method 'hasOwnProperty' from target object  no-prototype-builtins
  2:1820305  warning  'i' is defined but never used                                              no-unused-vars
  2:1831808  warning  'i' is defined but never used                                              no-unused-vars
  2:1832422  warning  'i' is defined but never used                                              no-unused-vars
  2:1833563  warning  'i' is defined but never used                                              no-unused-vars
  2:1833565  warning  'r' is defined but never used                                              no-unused-vars
  2:1834506  warning  'i' is defined but never used                                              no-unused-vars
  2:1835181  warning  'i' is defined but never used                                              no-unused-vars
  2:1836341  warning  'b' is already defined                                                     no-redeclare
  2:1836412  warning  'b' is already defined                                                     no-redeclare
  2:1836486  warning  'b' is already defined                                                     no-redeclare
  2:1836542  warning  'b' is already defined                                                     no-redeclare
  2:1836681  warning  'i' is defined but never used                                              no-unused-vars
  2:1838821  warning  'i' is defined but never used                                              no-unused-vars
  2:1849584  warning  Unexpected comma in middle of array                                        no-sparse-arrays
  2:1851755  warning  Empty block statement                                                      no-empty
  2:1856675  warning  'u' is defined but never used                                              no-unused-vars
  2:1858070  warning  Do not access Object.prototype method 'hasOwnProperty' from target object  no-prototype-builtins
  2:1861188  warning  Do not access Object.prototype method 'hasOwnProperty' from target object  no-prototype-builtins
  2:1861723  warning  Unexpected combined character in character class                           no-misleading-character-class
  2:1865217  warning  'i' is defined but never used                                              no-unused-vars
  2:1866387  warning  Do not access Object.prototype method 'hasOwnProperty' from target object  no-prototype-builtins
  2:1867949  warning  'i' is defined but never used                                              no-unused-vars
  2:1877654  warning  'a' is defined but never used                                              no-unused-vars
  2:1877735  warning  Do not access Object.prototype method 'hasOwnProperty' from target object  no-prototype-builtins
  2:1877860  warning  'a' is defined but never used                                              no-unused-vars
  2:1883440  warning  Do not access Object.prototype method 'hasOwnProperty' from target object  no-prototype-builtins
  2:1901611  warning  'e' is defined but never used                                              no-unused-vars
  2:1907335  warning  'DracoDecoderModule' is not defined                                        no-undef
  2:1953941  warning  Expected a conditional expression and instead saw an assignment            no-cond-assign
  2:1961620  warning  Unnecessary escape character: \:                                           no-useless-escape
  2:1961697  warning  Unnecessary escape character: \:                                           no-useless-escape
  2:1980403  warning  'n' is defined but never used                                              no-unused-vars
  2:2138617  warning  'e' is defined but never used                                              no-unused-vars
  2:2146672  warning  Empty block statement                                                      no-empty
  2:2156158  warning  Do not access Object.prototype method 'hasOwnProperty' from target object  no-prototype-builtins
  2:2167861  warning  Unnecessary try/catch wrapper                                              no-useless-catch
  2:2175848  warning  Do not access Object.prototype method 'hasOwnProperty' from target object  no-prototype-builtins
  2:2192258  warning  'n' is defined but never used                                              no-unused-vars
  2:2196197  warning  't' is defined but never used                                              no-unused-vars
  2:2205249  warning  Do not access Object.prototype method 'hasOwnProperty' from target object  no-prototype-builtins
  2:2207269  warning  Expected a conditional expression and instead saw an assignment            no-cond-assign
  2:2244878  warning  'e' is defined but never used                                              no-unused-vars
  2:2345672  warning  Expected a 'break' statement before 'case'                                 no-fallthrough
  2:2345684  warning  Expected a 'break' statement before 'case'                                 no-fallthrough
  2:2346121  warning  Expected a 'break' statement before 'case'                                 no-fallthrough
  2:2346743  warning  Expected a 'break' statement before 'default'                              no-fallthrough
  2:2347016  warning  Expected a 'break' statement before 'default'                              no-fallthrough
  2:2347356  warning  Expected a 'break' statement before 'case'                                 no-fallthrough
  2:2349266  warning  Expected a 'break' statement before 'case'                                 no-fallthrough
  2:2350467  warning  Expected a 'break' statement before 'case'                                 no-fallthrough
  2:2350659  warning  Expected a 'break' statement before 'case'                                 no-fallthrough
  2:2351238  warning  Expected a 'break' statement before 'case'                                 no-fallthrough
  2:2352786  warning  Unnecessary escape character: \-                                           no-useless-escape
  2:2353783  warning  'UF' is a function                                                         no-func-assign
  2:2354981  warning  'SC_DISABLE_SPEEDY' is not defined                                         no-undef
  2:2359703  warning  'e' is defined but never used                                              no-unused-vars
  2:2363237  warning  Empty block statement                                                      no-empty
  2:2365871  warning  Do not access Object.prototype method 'hasOwnProperty' from target object  no-prototype-builtins
  2:2368449  warning  'i' is defined but never used                                              no-unused-vars
  2:2372728  warning  'e' is defined but never used                                              no-unused-vars

/home/runner/work/exp-consensus-algorithms-au/exp-consensus-algorithms-au/experiment/simulation/js/main.6fe77656.js
     252:13  warning  Expected a 'break' statement before 'case'                                 no-fallthrough
     295:15  warning  Expected a 'break' statement before 'case'                                 no-fallthrough
     321:15  warning  Expected a 'break' statement before 'case'                                 no-fallthrough
     328:19  warning  Expected a 'break' statement before 'case'                                 no-fallthrough
     341:19  warning  Expected a 'break' statement before 'default'                              no-fallthrough
     377:15  warning  Expected a 'break' statement before 'default'                              no-fallthrough
     455:21  warning  Expected a 'break' statement before 'default'                              no-fallthrough
     630:19  warning  Expected a 'break' statement before 'case'                                 no-fallthrough
     650:13  warning  Expected a 'break' statement before 'case'                                 no-fallthrough
     700:37  warning  Expected a conditional expression and instead saw an assignment            no-cond-assign
    1107:17  warning  Expected a 'break' statement before 'case'                                 no-fallthrough
    1109:17  warning  Expected a 'break' statement before 'case'                                 no-fallthrough
    1183:23  warning  'e' is defined but never used                                              no-unused-vars
    1183:26  warning  't' is defined but never used                                              no-unused-vars
    1216:14  warning  'I' is assigned a value but never used                                     no-unused-vars
    1217:14  warning  'h' is assigned a value but never used                                     no-unused-vars
    1218:14  warning  'A' is assigned a value but never used                                     no-unused-vars
    1219:14  warning  'p' is assigned a value but never used                                     no-unused-vars
    1220:14  warning  'f' is assigned a value but never used                                     no-unused-vars
    1222:18  warning  'v' is defined but never used                                              no-unused-vars
    1563:16  warning  Do not access Object.prototype method 'hasOwnProperty' from target object  no-prototype-builtins
    1653:20  warning  Do not access Object.prototype method 'hasOwnProperty' from target object  no-prototype-builtins
    2341:26  warning  Expected a conditional expression and instead saw an assignment            no-cond-assign
    2341:31  warning  Expected a conditional expression and instead saw an assignment            no-cond-assign
    2848:27  warning  'e' is defined but never used                                              no-unused-vars
    2848:30  warning  't' is defined but never used                                              no-unused-vars
    2876:27  warning  'e' is defined but never used                                              no-unused-vars
    2876:30  warning  't' is defined but never used                                              no-unused-vars
    2908:27  warning  'e' is defined but never used                                              no-unused-vars
    2908:30  warning  't' is defined but never used                                              no-unused-vars
    2908:33  warning  'n' is defined but never used                                              no-unused-vars
    2908:36  warning  'i' is defined but never used                                              no-unused-vars
    2908:39  warning  'r' is defined but never used                                              no-unused-vars
    3032:23  warning  Empty block statement                                                      no-empty
    3605:29  warning  'i' is defined but never used                                              no-unused-vars
    4501:29  warning  Empty block statement                                                      no-empty
    4677:13  warning  Unexpected combined character in character class                           no-misleading-character-class
    4735:19  warning  Unnecessary escape character: \-                                           no-useless-escape
    4740:21  warning  Do not access Object.prototype method 'hasOwnProperty' from target object  no-prototype-builtins
    4955:19  warning  Expected a conditional expression and instead saw an assignment            no-cond-assign
    5021:29  warning  Empty block statement                                                      no-empty
    5107:20  warning  Do not access Object.prototype method 'hasOwnProperty' from target object  no-prototype-builtins
    5200:13  warning  Do not access Object.prototype method 'hasOwnProperty' from target object  no-prototype-builtins
    5202:17  warning  Do not access Object.prototype method 'hasOwnProperty' from target object  no-prototype-builtins
    5209:17  warning  Do not access Object.prototype method 'hasOwnProperty' from target object  no-prototype-builtins
    5209:46  warning  Do not access Object.prototype method 'hasOwnProperty' from target object  no-prototype-builtins
    5238:22  warning  Do not access Object.prototype method 'hasOwnProperty' from target object  no-prototype-builtins
    5330:45  warning  'MSApp' is not defined                                                     no-undef
    5331:33  warning  'n' is defined but never used                                              no-unused-vars
    5331:36  warning  'i' is defined but never used                                              no-unused-vars
    5332:19  warning  'MSApp' is not defined                                                     no-undef
    5397:19  warning  Do not access Object.prototype method 'hasOwnProperty' from target object  no-prototype-builtins
    5403:19  warning  Do not access Object.prototype method 'hasOwnProperty' from target object  no-prototype-builtins
    5553:15  warning  Expected to return a value in method 'get'                                 getter-return
    5562:30  warning  'i' is defined but never used                                              no-unused-vars
    5562:33  warning  'r' is defined but never used                                              no-unused-vars
    5562:36  warning  'a' is defined but never used                                              no-unused-vars
    5562:39  warning  'o' is defined but never used                                              no-unused-vars
    5562:42  warning  's' is defined but never used                                              no-unused-vars
    5562:45  warning  'l' is defined but never used                                              no-unused-vars
    5579:21  warning  'e' is defined but never used                                              no-unused-vars
    5579:24  warning  't' is defined but never used                                              no-unused-vars
    5579:27  warning  'n' is defined but never used                                              no-unused-vars
    5579:30  warning  'i' is defined but never used                                              no-unused-vars
    5579:33  warning  'r' is defined but never used                                              no-unused-vars
    5579:36  warning  'a' is defined but never used                                              no-unused-vars
    5579:39  warning  'o' is defined but never used                                              no-unused-vars
    5579:42  warning  's' is defined but never used                                              no-unused-vars
    5579:45  warning  'l' is defined but never used                                              no-unused-vars
    6188:17  warning  Do not access Object.prototype method 'hasOwnProperty' from target object  no-prototype-builtins
    6209:23  warning  Invalid typeof comparison value                                            valid-typeof
    6218:23  warning  Invalid typeof comparison value                                            valid-typeof
    6757:19  warning  Do not access Object.prototype method 'hasOwnProperty' from target object  no-prototype-builtins
    6840:24  warning  'e' is defined but never used                                              no-unused-vars
    6840:27  warning  't' is defined but never used                                              no-unused-vars
    6840:30  warning  'n' is defined but never used                                              no-unused-vars
    6840:33  warning  'i' is defined but never used                                              no-unused-vars
    6840:36  warning  'r' is defined but never used                                              no-unused-vars
    6840:39  warning  'o' is defined but never used                                              no-unused-vars
    6840:42  warning  's' is defined but never used                                              no-unused-vars
    6840:45  warning  'l' is defined but never used                                              no-unused-vars
    6840:48  warning  'g' is defined but never used                                              no-unused-vars
    6970:19  warning  Expected a 'break' statement before 'case'                                 no-fallthrough
    6986:19  warning  Expected a 'break' statement before 'case'                                 no-fallthrough
    7075:26  warning  Expected a conditional expression and instead saw an assignment            no-cond-assign
    7081:31  warning  Expected a conditional expression and instead saw an assignment            no-cond-assign
    7174:17  warning  Expected a 'break' statement before 'case'                                 no-fallthrough
    7294:16  warning  Unexpected control character(s) in regular expression: \x00                no-control-regex
    7903:21  warning  Expected a 'break' statement before 'case'                                 no-fallthrough
    8027:23  warning  Expected a conditional expression and instead saw an assignment            no-cond-assign
    8466:20  warning  Expected a conditional expression and instead saw an assignment            no-cond-assign
    8919:27  warning  Empty block statement                                                      no-empty
    9376:20  warning  Expected a conditional expression and instead saw an assignment            no-cond-assign
    9423:18  warning  Expected a conditional expression and instead saw an assignment            no-cond-assign
    9933:27  warning  Do not access Object.prototype method 'hasOwnProperty' from target object  no-prototype-builtins
    9946:29  warning  Do not access Object.prototype method 'hasOwnProperty' from target object  no-prototype-builtins
   10028:29  warning  Do not access Object.prototype method 'hasOwnProperty' from target object  no-prototype-builtins
   10041:32  warning  Do not access Object.prototype method 'hasOwnProperty' from target object  no-prototype-builtins
   10370:24  warning  Do not access Object.prototype method 'hasOwnProperty' from target object  no-prototype-builtins
   10370:47  warning  Do not access Object.prototype method 'hasOwnProperty' from target object  no-prototype-builtins
   10374:25  warning  Do not access Object.prototype method 'hasOwnProperty' from target object  no-prototype-builtins
   10381:26  warning  Do not access Object.prototype method 'hasOwnProperty' from target object  no-prototype-builtins
   10388:21  warning  Do not access Object.prototype method 'hasOwnProperty' from target object  no-prototype-builtins
   10393:28  warning  Do not access Object.prototype method 'hasOwnProperty' from target object  no-prototype-builtins
   10394:35  warning  Do not access Object.prototype method 'hasOwnProperty' from target object  no-prototype-builtins
   10397:27  warning  Do not access Object.prototype method 'hasOwnProperty' from target object  no-prototype-builtins
   10411:28  warning  Do not access Object.prototype method 'hasOwnProperty' from target object  no-prototype-builtins
   10559:25  warning  Empty block statement                                                      no-empty
   10563:13  warning  Expected a 'break' statement before 'case'                                 no-fallthrough
   10882:35  warning  Do not access Object.prototype method 'hasOwnProperty' from target object  no-prototype-builtins
   10919:13  warning  Expected a 'break' statement before 'case'                                 no-fallthrough
   11910:35  warning  Empty block statement                                                      no-empty
   12049:31  warning  Empty block statement                                                      no-empty
   12918:12  warning  'Re' is a function                                                         no-func-assign
   12919:12  warning  'xe' is a function                                                         no-func-assign
   12961:20  warning  '__REACT_DEVTOOLS_GLOBAL_HOOK__' is not defined                            no-undef
   12965:26  warning  Empty block statement                                                      no-empty
   13075:35  warning  '__REACT_DEVTOOLS_GLOBAL_HOOK__' is not defined                            no-undef
   13078:15  warning  '__REACT_DEVTOOLS_GLOBAL_HOOK__' is not defined                            no-undef
   13152:53  warning  'setImmediate' is not defined                                              no-undef
   13547:31  warning  Empty block statement                                                      no-empty
   13861:21  warning  Expected a conditional expression and instead saw an assignment            no-cond-assign
   14372:23  warning  Expected a 'break' statement before 'case'                                 no-fallthrough
   14499:25  warning  Expected a conditional expression and instead saw an assignment            no-cond-assign
   15523:29  warning  Empty block statement                                                      no-empty
   16455:22  warning  Expected a conditional expression and instead saw an assignment            no-cond-assign
   16502:20  warning  Expected a conditional expression and instead saw an assignment            no-cond-assign
   16994:27  warning  Empty block statement                                                      no-empty
   18429:37  warning  Empty block statement                                                      no-empty
   18569:33  warning  Empty block statement                                                      no-empty
   19496:25  warning  '__REACT_DEVTOOLS_GLOBAL_HOOK__' is not defined                            no-undef
   19501:31  warning  Empty block statement                                                      no-empty
   19853:24  warning  't' is defined but never used                                              no-unused-vars
   19987:31  warning  Do not access Object.prototype method 'hasOwnProperty' from target object  no-prototype-builtins
   20108:51  warning  'o' is defined but never used                                              no-unused-vars
   20204:24  warning  't' is defined but never used                                              no-unused-vars
   20224:24  warning  't' is defined but never used                                              no-unused-vars
   20251:24  warning  't' is defined but never used                                              no-unused-vars
   20255:24  warning  't' is defined but never used                                              no-unused-vars
   20255:27  warning  'n' is defined but never used                                              no-unused-vars
   20257:35  warning  'e' is defined but never used                                              no-unused-vars
   20257:38  warning  't' is defined but never used                                              no-unused-vars
   20257:41  warning  'n' is defined but never used                                              no-unused-vars
   20257:44  warning  'i' is defined but never used                                              no-unused-vars
   20257:47  warning  'r' is defined but never used                                              no-unused-vars
   20439:21  warning  'e' is defined but never used                                              no-unused-vars
   20439:24  warning  't' is defined but never used                                              no-unused-vars
   20499:30  warning  Unsafe usage of ThrowStatement                                             no-unsafe-finally
   20561:32  warning  Unsafe usage of ThrowStatement                                             no-unsafe-finally
   20656:32  warning  Do not access Object.prototype method 'hasOwnProperty' from target object  no-prototype-builtins
   20734:34  warning  Do not access Object.prototype method 'hasOwnProperty' from target object  no-prototype-builtins
   20947:22  warning  Do not access Object.prototype method 'hasOwnProperty' from target object  no-prototype-builtins
   21137:53  warning  'setImmediate' is not defined                                              no-undef
   21587:14  warning  'i' is a function                                                          no-func-assign
   21700:23  warning  Unsafe usage of ReturnStatement                                            no-unsafe-finally
   21702:28  warning  Unsafe usage of ThrowStatement                                             no-unsafe-finally
   21766:14  warning  'i' is a function                                                          no-func-assign
   21812:29  warning  'n' is defined but never used                                              no-unused-vars
   21907:29  warning  'e' is defined but never used                                              no-unused-vars
   21922:32  warning  'o' is defined but never used                                              no-unused-vars
   23304:12  warning  'G' is a function                                                          no-func-assign
   25285:20  warning  Do not access Object.prototype method 'hasOwnProperty' from target object  no-prototype-builtins
   25358:31  warning  Do not access Object.prototype method 'hasOwnProperty' from target object  no-prototype-builtins
   25839:19  warning  Expected a conditional expression and instead saw an assignment            no-cond-assign
   26343:41  warning  Unexpected comma in middle of array                                        no-sparse-arrays
   26356:25  warning  Expected a 'break' statement before 'case'                                 no-fallthrough
   26476:11  warning  'On' is defined but never used                                             no-unused-vars
   26642:38  warning  't' is defined but never used                                              no-unused-vars
   28054:19  warning  'e' is defined but never used                                              no-unused-vars
   28054:22  warning  't' is defined but never used                                              no-unused-vars
   28054:25  warning  'n' is defined but never used                                              no-unused-vars
   28056:12  warning  'sr' is a function                                                         no-func-assign
   28069:12  warning  'lr' is a function                                                         no-func-assign
   28080:12  warning  'gr' is a function                                                         no-func-assign
   28193:22  warning  Unsafe usage of ThrowStatement                                             no-unsafe-finally
   28200:12  warning  'dr' is a function                                                         no-func-assign
   28256:9   warning  'pr' is a function                                                         no-func-assign
   28286:11  warning  'g' is a function                                                          no-func-assign
   29381:25  warning  'e' is defined but never used                                              no-unused-vars
   30768:27  warning  'e' is defined but never used                                              no-unused-vars
   31776:25  warning  'e' is defined but never used                                              no-unused-vars
   32396:25  warning  'e' is defined but never used                                              no-unused-vars
   35133:25  warning  'e' is defined but never used                                              no-unused-vars
   36972:27  warning  'e' is defined but never used                                              no-unused-vars
   37079:40  warning  Unnecessary escape character: \)                                           no-useless-escape
   37103:39  warning  Unnecessary escape character: \%                                           no-useless-escape
   37103:53  warning  Unnecessary escape character: \%                                           no-useless-escape
   37103:67  warning  Unnecessary escape character: \%                                           no-useless-escape
   37121:63  warning  Unnecessary escape character: \%                                           no-useless-escape
   37121:83  warning  Unnecessary escape character: \%                                           no-useless-escape
   37138:37  warning  Unnecessary escape character: \#                                           no-useless-escape
   46045:21  warning  Empty block statement                                                      no-empty
   48245:46  warning  'XRWebGLLayer' is not defined                                              no-undef
   48271:46  warning  'XRWebGLBinding' is not defined                                            no-undef
   48311:29  warning  Expected a 'break' statement before 'case'                                 no-fallthrough
   48321:34  warning  'e' is defined but never used                                              no-unused-vars
   50243:17  warning  '__THREE_DEVTOOLS__' is not defined                                        no-undef
   50426:17  warning  '__THREE_DEVTOOLS__' is not defined                                        no-undef
   53183:34  warning  'e' is defined but never used                                              no-unused-vars
   53282:34  warning  'e' is defined but never used                                              no-unused-vars
   60425:56  warning  Unnecessary escape character: \/                                           no-useless-escape
   60706:36  warning  't' is defined but never used                                              no-unused-vars
   60706:39  warning  'n' is defined but never used                                              no-unused-vars
   60774:36  warning  't' is defined but never used                                              no-unused-vars
   60996:50  warning  'e' is defined but never used                                              no-unused-vars
   61011:31  warning  Expected a 'break' statement before 'case'                                 no-fallthrough
   61023:31  warning  Expected a 'break' statement before 'case'                                 no-fallthrough
   61036:31  warning  Expected a 'break' statement before 'case'                                 no-fallthrough
   61046:31  warning  Expected a 'break' statement before 'case'                                 no-fallthrough
   61061:36  warning  't' is defined but never used                                              no-unused-vars
   62515:22  warning  Unnecessary escape character: \/                                           no-useless-escape
   65985:24  warning  Expected a conditional expression and instead saw an assignment            no-cond-assign
   66042:9   warning  '__THREE_DEVTOOLS__' is not defined                                        no-undef
   66444:15  warning  Do not access Object.prototype method 'hasOwnProperty' from target object  no-prototype-builtins
   67616:35  warning  Empty block statement                                                      no-empty
   67741:41  warning  't' is defined but never used                                              no-unused-vars
   67741:44  warning  'n' is defined but never used                                              no-unused-vars
   67741:47  warning  'i' is defined but never used                                              no-unused-vars
   68122:31  warning  Empty block statement                                                      no-empty
   70579:34  warning  'e' is defined but never used                                              no-unused-vars
   70579:37  warning  't' is defined but never used                                              no-unused-vars
   70587:34  warning  'e' is defined but never used                                              no-unused-vars
   70587:37  warning  't' is defined but never used                                              no-unused-vars
   70587:40  warning  'n' is defined but never used                                              no-unused-vars
   70587:43  warning  'i' is defined but never used                                              no-unused-vars
   71968:42  warning  'e' is defined but never used                                              no-unused-vars
   72348:51  warning  'a' is defined but never used                                              no-unused-vars
   74022:34  warning  'e' is defined but never used                                              no-unused-vars
   74022:37  warning  't' is defined but never used                                              no-unused-vars
   74030:34  warning  'e' is defined but never used                                              no-unused-vars
   74030:37  warning  't' is defined but never used                                              no-unused-vars
   74030:40  warning  'n' is defined but never used                                              no-unused-vars
   74030:43  warning  'i' is defined but never used                                              no-unused-vars
   74251:42  warning  'e' is defined but never used                                              no-unused-vars
   74631:51  warning  'a' is defined but never used                                              no-unused-vars
   75967:36  warning  'n' is defined but never used                                              no-unused-vars
   76115:40  warning  Do not access Object.prototype method 'hasOwnProperty' from target object  no-prototype-builtins
   76250:13  warning  'importScripts' is not defined                                             no-undef
   76989:45  warning  'n' is defined but never used                                              no-unused-vars
   77164:29  warning  Do not access Object.prototype method 'hasOwnProperty' from target object  no-prototype-builtins
   78678:59  warning  'i' is defined but never used                                              no-unused-vars
   79476:53  warning  'i' is defined but never used                                              no-unused-vars
   79518:53  warning  'i' is defined but never used                                              no-unused-vars
   79595:55  warning  'i' is defined but never used                                              no-unused-vars
   79595:58  warning  'r' is defined but never used                                              no-unused-vars
   79656:53  warning  'i' is defined but never used                                              no-unused-vars
   79695:53  warning  'i' is defined but never used                                              no-unused-vars
   79774:32  warning  'b' is already defined                                                     no-redeclare
   79777:32  warning  'b' is already defined                                                     no-redeclare
   79780:32  warning  'b' is already defined                                                     no-redeclare
   79782:32  warning  'b' is already defined                                                     no-redeclare
   79794:56  warning  'i' is defined but never used                                              no-unused-vars
   79913:53  warning  'i' is defined but never used                                              no-unused-vars
   80695:23  warning  Unexpected comma in middle of array                                        no-sparse-arrays
   80880:29  warning  Empty block statement                                                      no-empty
   81110:48  warning  'u' is defined but never used                                              no-unused-vars
   81217:31  warning  Do not access Object.prototype method 'hasOwnProperty' from target object  no-prototype-builtins
   81400:28  warning  Do not access Object.prototype method 'hasOwnProperty' from target object  no-prototype-builtins
   81430:19  warning  Unexpected combined character in character class                           no-misleading-character-class
   81676:50  warning  'i' is defined but never used                                              no-unused-vars
   81768:43  warning  Do not access Object.prototype method 'hasOwnProperty' from target object  no-prototype-builtins
   81893:38  warning  'i' is defined but never used                                              no-unused-vars
   82305:49  warning  'a' is defined but never used                                              no-unused-vars
   82308:40  warning  Do not access Object.prototype method 'hasOwnProperty' from target object  no-prototype-builtins
   82315:49  warning  'a' is defined but never used                                              no-unused-vars
   82546:31  warning  Do not access Object.prototype method 'hasOwnProperty' from target object  no-prototype-builtins
   83648:24  warning  'e' is defined but never used                                              no-unused-vars
   84021:21  warning  'DracoDecoderModule' is not defined                                        no-undef
   85802:21  warning  Expected a conditional expression and instead saw an assignment            no-cond-assign
   86282:48  warning  Unnecessary escape character: \:                                           no-useless-escape
   86285:52  warning  Unnecessary escape character: \:                                           no-useless-escape
   87272:45  warning  'n' is defined but never used                                              no-unused-vars
   90771:47  warning  'e' is defined but never used                                              no-unused-vars
   91241:23  warning  Empty block statement                                                      no-empty
   91793:16  warning  Do not access Object.prototype method 'hasOwnProperty' from target object  no-prototype-builtins
   92458:17  warning  Unnecessary try/catch wrapper                                              no-useless-catch
   92961:14  warning  Do not access Object.prototype method 'hasOwnProperty' from target object  no-prototype-builtins
   94043:22  warning  'n' is defined but never used                                              no-unused-vars
   94303:36  warning  't' is defined but never used                                              no-unused-vars
   94807:15  warning  Do not access Object.prototype method 'hasOwnProperty' from target object  no-prototype-builtins
   97292:46  warning  'e' is defined but never used                                              no-unused-vars
  100031:25  warning  Expected a 'break' statement before 'case'                                 no-fallthrough
  100033:25  warning  Expected a 'break' statement before 'case'                                 no-fallthrough
  100071:27  warning  Expected a 'break' statement before 'case'                                 no-fallthrough
  100120:25  warning  Expected a 'break' statement before 'default'                              no-fallthrough
  100146:17  warning  Expected a 'break' statement before 'default'                              no-fallthrough
  100179:27  warning  Expected a 'break' statement before 'case'                                 no-fallthrough
  100322:15  warning  Expected a 'break' statement before 'case'                                 no-fallthrough
  100406:15  warning  Expected a 'break' statement before 'case'                                 no-fallthrough
  100417:19  warning  Expected a 'break' statement before 'case'                                 no-fallthrough
  100466:15  warning  Expected a 'break' statement before 'case'                                 no-fallthrough
  100571:33  warning  Unnecessary escape character: \-                                           no-useless-escape
  100651:17  warning  'UF' is a function                                                         no-func-assign
  100718:15  warning  'SC_DISABLE_SPEEDY' is not defined                                         no-undef
  100998:22  warning  'e' is defined but never used                                              no-unused-vars
  101230:29  warning  Empty block statement                                                      no-empty
  101415:19  warning  Do not access Object.prototype method 'hasOwnProperty' from target object  no-prototype-builtins
  101579:41  warning  'i' is defined but never used                                              no-unused-vars
  101913:51  warning  'e' is defined but never used                                              no-unused-vars

/home/runner/work/exp-consensus-algorithms-au/exp-consensus-algorithms-au/experiment/simulation/js/main.c9947a9c.js
     252:15  warning  Expected a 'break' statement before 'case'                                 no-fallthrough
     295:17  warning  Expected a 'break' statement before 'case'                                 no-fallthrough
     321:17  warning  Expected a 'break' statement before 'case'                                 no-fallthrough
     328:21  warning  Expected a 'break' statement before 'case'                                 no-fallthrough
     341:21  warning  Expected a 'break' statement before 'default'                              no-fallthrough
     377:17  warning  Expected a 'break' statement before 'default'                              no-fallthrough
     455:23  warning  Expected a 'break' statement before 'default'                              no-fallthrough
     630:21  warning  Expected a 'break' statement before 'case'                                 no-fallthrough
     650:15  warning  Expected a 'break' statement before 'case'                                 no-fallthrough
     700:39  warning  Expected a conditional expression and instead saw an assignment            no-cond-assign
    1107:19  warning  Expected a 'break' statement before 'case'                                 no-fallthrough
    1109:19  warning  Expected a 'break' statement before 'case'                                 no-fallthrough
    1183:25  warning  'e' is defined but never used                                              no-unused-vars
    1183:28  warning  't' is defined but never used                                              no-unused-vars
    1216:16  warning  'I' is assigned a value but never used                                     no-unused-vars
    1217:16  warning  'h' is assigned a value but never used                                     no-unused-vars
    1218:16  warning  'A' is assigned a value but never used                                     no-unused-vars
    1219:16  warning  'p' is assigned a value but never used                                     no-unused-vars
    1220:16  warning  'f' is assigned a value but never used                                     no-unused-vars
    1222:20  warning  'v' is defined but never used                                              no-unused-vars
    1563:18  warning  Do not access Object.prototype method 'hasOwnProperty' from target object  no-prototype-builtins
    1653:22  warning  Do not access Object.prototype method 'hasOwnProperty' from target object  no-prototype-builtins
    2341:28  warning  Expected a conditional expression and instead saw an assignment            no-cond-assign
    2341:33  warning  Expected a conditional expression and instead saw an assignment            no-cond-assign
    2848:29  warning  'e' is defined but never used                                              no-unused-vars
    2848:32  warning  't' is defined but never used                                              no-unused-vars
    2876:29  warning  'e' is defined but never used                                              no-unused-vars
    2876:32  warning  't' is defined but never used                                              no-unused-vars
    2908:29  warning  'e' is defined but never used                                              no-unused-vars
    2908:32  warning  't' is defined but never used                                              no-unused-vars
    2908:35  warning  'n' is defined but never used                                              no-unused-vars
    2908:38  warning  'i' is defined but never used                                              no-unused-vars
    2908:41  warning  'r' is defined but never used                                              no-unused-vars
    3032:25  warning  Empty block statement                                                      no-empty
    3605:31  warning  'i' is defined but never used                                              no-unused-vars
    4501:31  warning  Empty block statement                                                      no-empty
    4677:15  warning  Unexpected combined character in character class                           no-misleading-character-class
    4735:21  warning  Unnecessary escape character: \-                                           no-useless-escape
    4740:23  warning  Do not access Object.prototype method 'hasOwnProperty' from target object  no-prototype-builtins
    4955:21  warning  Expected a conditional expression and instead saw an assignment            no-cond-assign
    5021:31  warning  Empty block statement                                                      no-empty
    5107:22  warning  Do not access Object.prototype method 'hasOwnProperty' from target object  no-prototype-builtins
    5200:15  warning  Do not access Object.prototype method 'hasOwnProperty' from target object  no-prototype-builtins
    5202:19  warning  Do not access Object.prototype method 'hasOwnProperty' from target object  no-prototype-builtins
    5209:19  warning  Do not access Object.prototype method 'hasOwnProperty' from target object  no-prototype-builtins
    5209:48  warning  Do not access Object.prototype method 'hasOwnProperty' from target object  no-prototype-builtins
    5238:24  warning  Do not access Object.prototype method 'hasOwnProperty' from target object  no-prototype-builtins
    5330:47  warning  'MSApp' is not defined                                                     no-undef
    5331:35  warning  'n' is defined but never used                                              no-unused-vars
    5331:38  warning  'i' is defined but never used                                              no-unused-vars
    5332:21  warning  'MSApp' is not defined                                                     no-undef
    5397:21  warning  Do not access Object.prototype method 'hasOwnProperty' from target object  no-prototype-builtins
    5403:21  warning  Do not access Object.prototype method 'hasOwnProperty' from target object  no-prototype-builtins
    5553:17  warning  Expected to return a value in method 'get'                                 getter-return
    5562:32  warning  'i' is defined but never used                                              no-unused-vars
    5562:35  warning  'r' is defined but never used                                              no-unused-vars
    5562:38  warning  'a' is defined but never used                                              no-unused-vars
    5562:41  warning  'o' is defined but never used                                              no-unused-vars
    5562:44  warning  's' is defined but never used                                              no-unused-vars
    5562:47  warning  'l' is defined but never used                                              no-unused-vars
    5579:23  warning  'e' is defined but never used                                              no-unused-vars
    5579:26  warning  't' is defined but never used                                              no-unused-vars
    5579:29  warning  'n' is defined but never used                                              no-unused-vars
    5579:32  warning  'i' is defined but never used                                              no-unused-vars
    5579:35  warning  'r' is defined but never used                                              no-unused-vars
    5579:38  warning  'a' is defined but never used                                              no-unused-vars
    5579:41  warning  'o' is defined but never used                                              no-unused-vars
    5579:44  warning  's' is defined but never used                                              no-unused-vars
    5579:47  warning  'l' is defined but never used                                              no-unused-vars
    6188:19  warning  Do not access Object.prototype method 'hasOwnProperty' from target object  no-prototype-builtins
    6209:25  warning  Invalid typeof comparison value                                            valid-typeof
    6218:25  warning  Invalid typeof comparison value                                            valid-typeof
    6757:21  warning  Do not access Object.prototype method 'hasOwnProperty' from target object  no-prototype-builtins
    6840:26  warning  'e' is defined but never used                                              no-unused-vars
    6840:29  warning  't' is defined but never used                                              no-unused-vars
    6840:32  warning  'n' is defined but never used                                              no-unused-vars
    6840:35  warning  'i' is defined but never used                                              no-unused-vars
    6840:38  warning  'r' is defined but never used                                              no-unused-vars
    6840:41  warning  'o' is defined but never used                                              no-unused-vars
    6840:44  warning  's' is defined but never used                                              no-unused-vars
    6840:47  warning  'l' is defined but never used                                              no-unused-vars
    6840:50  warning  'g' is defined but never used                                              no-unused-vars
    6970:21  warning  Expected a 'break' statement before 'case'                                 no-fallthrough
    6986:21  warning  Expected a 'break' statement before 'case'                                 no-fallthrough
    7075:28  warning  Expected a conditional expression and instead saw an assignment            no-cond-assign
    7081:33  warning  Expected a conditional expression and instead saw an assignment            no-cond-assign
    7174:19  warning  Expected a 'break' statement before 'case'                                 no-fallthrough
    7294:18  warning  Unexpected control character(s) in regular expression: \x00                no-control-regex
    7903:23  warning  Expected a 'break' statement before 'case'                                 no-fallthrough
    8027:25  warning  Expected a conditional expression and instead saw an assignment            no-cond-assign
    8466:22  warning  Expected a conditional expression and instead saw an assignment            no-cond-assign
    8919:29  warning  Empty block statement                                                      no-empty
    9376:22  warning  Expected a conditional expression and instead saw an assignment            no-cond-assign
    9423:20  warning  Expected a conditional expression and instead saw an assignment            no-cond-assign
    9933:29  warning  Do not access Object.prototype method 'hasOwnProperty' from target object  no-prototype-builtins
    9946:31  warning  Do not access Object.prototype method 'hasOwnProperty' from target object  no-prototype-builtins
   10028:31  warning  Do not access Object.prototype method 'hasOwnProperty' from target object  no-prototype-builtins
   10041:34  warning  Do not access Object.prototype method 'hasOwnProperty' from target object  no-prototype-builtins
   10370:26  warning  Do not access Object.prototype method 'hasOwnProperty' from target object  no-prototype-builtins
   10370:49  warning  Do not access Object.prototype method 'hasOwnProperty' from target object  no-prototype-builtins
   10374:27  warning  Do not access Object.prototype method 'hasOwnProperty' from target object  no-prototype-builtins
   10381:28  warning  Do not access Object.prototype method 'hasOwnProperty' from target object  no-prototype-builtins
   10388:23  warning  Do not access Object.prototype method 'hasOwnProperty' from target object  no-prototype-builtins
   10393:30  warning  Do not access Object.prototype method 'hasOwnProperty' from target object  no-prototype-builtins
   10394:37  warning  Do not access Object.prototype method 'hasOwnProperty' from target object  no-prototype-builtins
   10397:29  warning  Do not access Object.prototype method 'hasOwnProperty' from target object  no-prototype-builtins
   10411:30  warning  Do not access Object.prototype method 'hasOwnProperty' from target object  no-prototype-builtins
   10559:27  warning  Empty block statement                                                      no-empty
   10563:15  warning  Expected a 'break' statement before 'case'                                 no-fallthrough
   10882:37  warning  Do not access Object.prototype method 'hasOwnProperty' from target object  no-prototype-builtins
   10919:15  warning  Expected a 'break' statement before 'case'                                 no-fallthrough
   11910:37  warning  Empty block statement                                                      no-empty
   12049:33  warning  Empty block statement                                                      no-empty
   12918:14  warning  'Re' is a function                                                         no-func-assign
   12919:14  warning  'xe' is a function                                                         no-func-assign
   12961:22  warning  '__REACT_DEVTOOLS_GLOBAL_HOOK__' is not defined                            no-undef
   12965:28  warning  Empty block statement                                                      no-empty
   13075:37  warning  '__REACT_DEVTOOLS_GLOBAL_HOOK__' is not defined                            no-undef
   13078:17  warning  '__REACT_DEVTOOLS_GLOBAL_HOOK__' is not defined                            no-undef
   13152:55  warning  'setImmediate' is not defined                                              no-undef
   13547:33  warning  Empty block statement                                                      no-empty
   13861:23  warning  Expected a conditional expression and instead saw an assignment            no-cond-assign
   14372:25  warning  Expected a 'break' statement before 'case'                                 no-fallthrough
   14499:27  warning  Expected a conditional expression and instead saw an assignment            no-cond-assign
   15523:31  warning  Empty block statement                                                      no-empty
   16455:24  warning  Expected a conditional expression and instead saw an assignment            no-cond-assign
   16502:22  warning  Expected a conditional expression and instead saw an assignment            no-cond-assign
   16994:29  warning  Empty block statement                                                      no-empty
   18429:39  warning  Empty block statement                                                      no-empty
   18569:35  warning  Empty block statement                                                      no-empty
   19496:27  warning  '__REACT_DEVTOOLS_GLOBAL_HOOK__' is not defined                            no-undef
   19501:33  warning  Empty block statement                                                      no-empty
   19853:26  warning  't' is defined but never used                                              no-unused-vars
   19987:33  warning  Do not access Object.prototype method 'hasOwnProperty' from target object  no-prototype-builtins
   20108:53  warning  'o' is defined but never used                                              no-unused-vars
   20204:26  warning  't' is defined but never used                                              no-unused-vars
   20224:26  warning  't' is defined but never used                                              no-unused-vars
   20251:26  warning  't' is defined but never used                                              no-unused-vars
   20255:26  warning  't' is defined but never used                                              no-unused-vars
   20255:29  warning  'n' is defined but never used                                              no-unused-vars
   20257:37  warning  'e' is defined but never used                                              no-unused-vars
   20257:40  warning  't' is defined but never used                                              no-unused-vars
   20257:43  warning  'n' is defined but never used                                              no-unused-vars
   20257:46  warning  'i' is defined but never used                                              no-unused-vars
   20257:49  warning  'r' is defined but never used                                              no-unused-vars
   20439:23  warning  'e' is defined but never used                                              no-unused-vars
   20439:26  warning  't' is defined but never used                                              no-unused-vars
   20499:32  warning  Unsafe usage of ThrowStatement                                             no-unsafe-finally
   20561:34  warning  Unsafe usage of ThrowStatement                                             no-unsafe-finally
   20656:34  warning  Do not access Object.prototype method 'hasOwnProperty' from target object  no-prototype-builtins
   20734:36  warning  Do not access Object.prototype method 'hasOwnProperty' from target object  no-prototype-builtins
   20947:24  warning  Do not access Object.prototype method 'hasOwnProperty' from target object  no-prototype-builtins
   21137:55  warning  'setImmediate' is not defined                                              no-undef
   21587:16  warning  'i' is a function                                                          no-func-assign
   21700:25  warning  Unsafe usage of ReturnStatement                                            no-unsafe-finally
   21702:30  warning  Unsafe usage of ThrowStatement                                             no-unsafe-finally
   21766:16  warning  'i' is a function                                                          no-func-assign
   21812:31  warning  'n' is defined but never used                                              no-unused-vars
   21907:31  warning  'e' is defined but never used                                              no-unused-vars
   21922:34  warning  'o' is defined but never used                                              no-unused-vars
   23304:14  warning  'G' is a function                                                          no-func-assign
   25285:22  warning  Do not access Object.prototype method 'hasOwnProperty' from target object  no-prototype-builtins
   25358:33  warning  Do not access Object.prototype method 'hasOwnProperty' from target object  no-prototype-builtins
   25839:21  warning  Expected a conditional expression and instead saw an assignment            no-cond-assign
   26343:43  warning  Unexpected comma in middle of array                                        no-sparse-arrays
   26356:27  warning  Expected a 'break' statement before 'case'                                 no-fallthrough
   26476:13  warning  'On' is defined but never used                                             no-unused-vars
   26642:40  warning  't' is defined but never used                                              no-unused-vars
   28069:21  warning  'e' is defined but never used                                              no-unused-vars
   28069:24  warning  't' is defined but never used                                              no-unused-vars
   28069:27  warning  'n' is defined but never used                                              no-unused-vars
   28071:14  warning  'lr' is a function                                                         no-func-assign
   28130:24  warning  Unsafe usage of ThrowStatement                                             no-unsafe-finally
   28170:14  warning  'hr' is a function                                                         no-func-assign
   28203:14  warning  'mr' is a function                                                         no-func-assign
   28270:14  warning  'yr' is a function                                                         no-func-assign
   28294:11  warning  'Gr' is a function                                                         no-func-assign
   28324:13  warning  'g' is a function                                                          no-func-assign
   29396:27  warning  'e' is defined but never used                                              no-unused-vars
   30783:29  warning  'e' is defined but never used                                              no-unused-vars
   31791:27  warning  'e' is defined but never used                                              no-unused-vars
   32411:27  warning  'e' is defined but never used                                              no-unused-vars
   35148:27  warning  'e' is defined but never used                                              no-unused-vars
   36987:29  warning  'e' is defined but never used                                              no-unused-vars
   37094:42  warning  Unnecessary escape character: \)                                           no-useless-escape
   37118:41  warning  Unnecessary escape character: \%                                           no-useless-escape
   37118:55  warning  Unnecessary escape character: \%                                           no-useless-escape
   37118:69  warning  Unnecessary escape character: \%                                           no-useless-escape
   37136:65  warning  Unnecessary escape character: \%                                           no-useless-escape
   37136:85  warning  Unnecessary escape character: \%                                           no-useless-escape
   37153:39  warning  Unnecessary escape character: \#                                           no-useless-escape
   46059:23  warning  Empty block statement                                                      no-empty
   48259:48  warning  'XRWebGLLayer' is not defined                                              no-undef
   48285:48  warning  'XRWebGLBinding' is not defined                                            no-undef
   48325:31  warning  Expected a 'break' statement before 'case'                                 no-fallthrough
   48335:36  warning  'e' is defined but never used                                              no-unused-vars
   50257:19  warning  '__THREE_DEVTOOLS__' is not defined                                        no-undef
   50440:19  warning  '__THREE_DEVTOOLS__' is not defined                                        no-undef
   53197:36  warning  'e' is defined but never used                                              no-unused-vars
   53296:36  warning  'e' is defined but never used                                              no-unused-vars
   60439:58  warning  Unnecessary escape character: \/                                           no-useless-escape
   60720:38  warning  't' is defined but never used                                              no-unused-vars
   60720:41  warning  'n' is defined but never used                                              no-unused-vars
   60788:38  warning  't' is defined but never used                                              no-unused-vars
   61010:52  warning  'e' is defined but never used                                              no-unused-vars
   61025:33  warning  Expected a 'break' statement before 'case'                                 no-fallthrough
   61037:33  warning  Expected a 'break' statement before 'case'                                 no-fallthrough
   61050:33  warning  Expected a 'break' statement before 'case'                                 no-fallthrough
   61060:33  warning  Expected a 'break' statement before 'case'                                 no-fallthrough
   61075:38  warning  't' is defined but never used                                              no-unused-vars
   62529:24  warning  Unnecessary escape character: \/                                           no-useless-escape
   65999:26  warning  Expected a conditional expression and instead saw an assignment            no-cond-assign
   66041:11  warning  '__THREE_DEVTOOLS__' is not defined                                        no-undef
   66443:17  warning  Do not access Object.prototype method 'hasOwnProperty' from target object  no-prototype-builtins
   67615:37  warning  Empty block statement                                                      no-empty
   67740:43  warning  't' is defined but never used                                              no-unused-vars
   67740:46  warning  'n' is defined but never used                                              no-unused-vars
   67740:49  warning  'i' is defined but never used                                              no-unused-vars
   68121:33  warning  Empty block statement                                                      no-empty
   70578:36  warning  'e' is defined but never used                                              no-unused-vars
   70578:39  warning  't' is defined but never used                                              no-unused-vars
   70586:36  warning  'e' is defined but never used                                              no-unused-vars
   70586:39  warning  't' is defined but never used                                              no-unused-vars
   70586:42  warning  'n' is defined but never used                                              no-unused-vars
   70586:45  warning  'i' is defined but never used                                              no-unused-vars
   71967:44  warning  'e' is defined but never used                                              no-unused-vars
   72347:53  warning  'a' is defined but never used                                              no-unused-vars
   74021:36  warning  'e' is defined but never used                                              no-unused-vars
   74021:39  warning  't' is defined but never used                                              no-unused-vars
   74029:36  warning  'e' is defined but never used                                              no-unused-vars
   74029:39  warning  't' is defined but never used                                              no-unused-vars
   74029:42  warning  'n' is defined but never used                                              no-unused-vars
   74029:45  warning  'i' is defined but never used                                              no-unused-vars
   74250:44  warning  'e' is defined but never used                                              no-unused-vars
   74630:53  warning  'a' is defined but never used                                              no-unused-vars
   75966:38  warning  'n' is defined but never used                                              no-unused-vars
   76114:42  warning  Do not access Object.prototype method 'hasOwnProperty' from target object  no-prototype-builtins
   76249:15  warning  'importScripts' is not defined                                             no-undef
   76988:47  warning  'n' is defined but never used                                              no-unused-vars
   77163:31  warning  Do not access Object.prototype method 'hasOwnProperty' from target object  no-prototype-builtins
   78677:61  warning  'i' is defined but never used                                              no-unused-vars
   79475:55  warning  'i' is defined but never used                                              no-unused-vars
   79517:55  warning  'i' is defined but never used                                              no-unused-vars
   79594:57  warning  'i' is defined but never used                                              no-unused-vars
   79594:60  warning  'r' is defined but never used                                              no-unused-vars
   79655:55  warning  'i' is defined but never used                                              no-unused-vars
   79694:55  warning  'i' is defined but never used                                              no-unused-vars
   79773:34  warning  'b' is already defined                                                     no-redeclare
   79776:34  warning  'b' is already defined                                                     no-redeclare
   79779:34  warning  'b' is already defined                                                     no-redeclare
   79781:34  warning  'b' is already defined                                                     no-redeclare
   79793:58  warning  'i' is defined but never used                                              no-unused-vars
   79912:55  warning  'i' is defined but never used                                              no-unused-vars
   80694:25  warning  Unexpected comma in middle of array                                        no-sparse-arrays
   80879:31  warning  Empty block statement                                                      no-empty
   81109:50  warning  'u' is defined but never used                                              no-unused-vars
   81216:33  warning  Do not access Object.prototype method 'hasOwnProperty' from target object  no-prototype-builtins
   81399:30  warning  Do not access Object.prototype method 'hasOwnProperty' from target object  no-prototype-builtins
   81429:21  warning  Unexpected combined character in character class                           no-misleading-character-class
   81675:52  warning  'i' is defined but never used                                              no-unused-vars
   81767:45  warning  Do not access Object.prototype method 'hasOwnProperty' from target object  no-prototype-builtins
   81892:40  warning  'i' is defined but never used                                              no-unused-vars
   82304:51  warning  'a' is defined but never used                                              no-unused-vars
   82307:42  warning  Do not access Object.prototype method 'hasOwnProperty' from target object  no-prototype-builtins
   82314:51  warning  'a' is defined but never used                                              no-unused-vars
   82545:33  warning  Do not access Object.prototype method 'hasOwnProperty' from target object  no-prototype-builtins
   83966:23  warning  'DracoDecoderModule' is not defined                                        no-undef
   85747:23  warning  Expected a conditional expression and instead saw an assignment            no-cond-assign
   86227:50  warning  Unnecessary escape character: \:                                           no-useless-escape
   86230:54  warning  Unnecessary escape character: \:                                           no-useless-escape
   87171:29  warning  Expected method 'get' to always return a value                             getter-return
   87327:26  warning  'e' is defined but never used                                              no-unused-vars
   87536:60  warning  't' is defined but never used                                              no-unused-vars
   87552:54  warning  'e' is defined but never used                                              no-unused-vars
   90895:49  warning  'e' is defined but never used                                              no-unused-vars
   91365:25  warning  Empty block statement                                                      no-empty
   91917:18  warning  Do not access Object.prototype method 'hasOwnProperty' from target object  no-prototype-builtins
   92578:19  warning  Unnecessary try/catch wrapper                                              no-useless-catch
   93081:16  warning  Do not access Object.prototype method 'hasOwnProperty' from target object  no-prototype-builtins
   94163:24  warning  'n' is defined but never used                                              no-unused-vars
   94423:38  warning  't' is defined but never used                                              no-unused-vars
   94927:17  warning  Do not access Object.prototype method 'hasOwnProperty' from target object  no-prototype-builtins
   97412:48  warning  'e' is defined but never used                                              no-unused-vars
  100151:27  warning  Expected a 'break' statement before 'case'                                 no-fallthrough
  100153:27  warning  Expected a 'break' statement before 'case'                                 no-fallthrough
  100191:29  warning  Expected a 'break' statement before 'case'                                 no-fallthrough
  100240:27  warning  Expected a 'break' statement before 'default'                              no-fallthrough
  100266:19  warning  Expected a 'break' statement before 'default'                              no-fallthrough
  100299:29  warning  Expected a 'break' statement before 'case'                                 no-fallthrough
  100442:17  warning  Expected a 'break' statement before 'case'                                 no-fallthrough
  100526:17  warning  Expected a 'break' statement before 'case'                                 no-fallthrough
  100537:21  warning  Expected a 'break' statement before 'case'                                 no-fallthrough
  100586:17  warning  Expected a 'break' statement before 'case'                                 no-fallthrough
  100691:35  warning  Unnecessary escape character: \-                                           no-useless-escape
  100771:19  warning  'EF' is a function                                                         no-func-assign
  100838:17  warning  'SC_DISABLE_SPEEDY' is not defined                                         no-undef
  101118:24  warning  'e' is defined but never used                                              no-unused-vars
  101350:31  warning  Empty block statement                                                      no-empty
  101535:21  warning  Do not access Object.prototype method 'hasOwnProperty' from target object  no-prototype-builtins
  101699:43  warning  'i' is defined but never used                                              no-unused-vars
  102033:53  warning  'e' is defined but never used                                              no-unused-vars

✖ 4380 problems (0 errors, 4380 warnings)
  0 errors and 10 warnings potentially fixable with the `--fix` option.

